1: faces=[1,2,3,4,5,6,7,8,9] seed=340057
2: faces=[1,2,3,4,5,6,7,8,9] seed=339121
3: faces=[1,2,3,4,5,6,7,8,9] seed=339067
4: faces=[1,2,3,4,5,6,7,8,9] seed=339589
5: faces=[1,2,3,4,5,6,7,8,9] seed=339211
6: faces=[1,2,3,4,5,6,7,8,9] seed=339679
7: faces=[1,2,3,4,5,6,7,8,9] seed=339517
8: faces=[1,2,3,4,5,6,7,8,9] seed=339139
9: faces=[1,2,3,4,5,6,7,8,9] seed=340129

611636182322236193622396236811558482299522241233441158533793344211988771422841185544244341711617525599147333922422339299396682466399371711925688699993288766963858511963458899339358744422596833366114188285511433539258377763536577396199877599574177588125688869771888217888633211144344522966344541885499233569911139111755869447244236196888828582966863796699136255933763977755385563733399888499166636722174752655366666666611693333599252277111341733282696755936688699739377855352193266896996822396799999174355533566247
796441934717448111697772366668113176418337775694886889474445171882556714444331779933337745637774715747445966527991885528881635145666692286666963255885717691225142446667825748996853119113224588993634749778119827446363584995333221999714692111225854668393825331556964338334145669964416665227286771884474116472225225886419227551554224178559441172478884748693998526289334178479991418639551961227665396178663934256885852141889936391773145336886254527553448778113364396664746821778716664556667281111662935226287938777636
765615169524373339455746644994171274138383629284863381219991899925516723439897818999483429999194374526993829189584654559861234621915237673897851957147683116397367957134415851574137681859566387691158653186929994811964991329124746128443965415633797721716154924162943218785931555651821865211226263385589857431233551267297886993221388427799437979716972839793239642292644691644193482667434824944856978537427258496281128316936191262627564348755741774313645515179441775971893437979943523568346679237674625445154511171374
773239388239882734229456718635232589856632532515744192731449486294388345841928875539746296842113135833939325253179769723235726229213264868867247491822345357272295728653234526761677854786187429566743485166419866876972899373327288433947673822494497579567863216835345857818266498823844587985954756625447937369751511357923965416313142966751593549193655478132972858944167233339212493449448241832815177565347948698593449784194146767275888666334436128748986564644186119312394888119132916719867343638715125191713686736214
214416998861564536949261674491298865176952112332916593758658188282582732891328288769397911582196496314533992241744549211862918738927294283787143614168458525714217237443929523727624165588877271793945872228525549991971223718979372584586467241931113757368695156252719392932465486568446952726871515745666977218761597461292782691492416387749915162643566177783753147741336988251946675781336671245368498238857964476186138428218618114322845964379916897682718623641685717723596412533753282489738279537759798116298213282148
215825495141367249217825813289843883855628275328837743253133326927489772234682482431197937444288466646428248258436956362826654413869314237433347456591378393123163916689929573748258126452522982698185276596382427162439725228726417814833814477575762381262887173949428185333581474172164771876595529471889943881481724732179397135332766148691717998165111739328281161431492494896599386775664134122111954877346721226979516217453573319174417183844966361143763628544368513323594225452453158415589256726386812563512258383251
978615422899557238155857158584225628415472962657879775685722664842294353963555845711949334871297367172478835298286373692867574674152756142298929662229988588782512782827773952764921586981821663844241946913355778432292864843697441198213642266263983194486811248233361259359815824279873528249545449951184742236282567417235428262145266248222424855974597263563469947377648425891272928427928166119891856396728525872824382948559385386796822126917248544177174842442178918476761282876789548513134517737145549598811424328317
994782882861522431131355327882217512965384246718325179481991182521139321655821229685476882586161699714744992262221595222485663645288723728899449697424984142633114698776818851239269524219633992715822628656331784545795733672987185866641423941913968271553525925242824355731424664744932584282556159526444172814424688774828555933227796298459482828722587421326651786929155221471732285123467331248223575452884442463995123822162343222964241156322884123365456522848289392426195282561923822198841315661645669812243682611613
998812514832388727836976247426758849849282825515622426627295112188783548556725499816816622155737455912189758481156749878221874587563443242748451755355522228997642194428347881194839942757291835249672411956936298235578432524464958528398225747472242824862218373744428826392221925191239699642362596233978285436822955323862863119223895458648124296334321518748199638112398825673621272583635996825188819733548588261534895242718695794982587283786282424868573451555117486781178425396194242289583382191363528959785139268243
569872422987856375759823368228487766744524129295459768232248585126393261892735144826577292485466643978246158252676675878427266334196618886764767251376697796327739924782881845538166682413992442664162444481897354987282954897511413524492512174389722244436975642885471711996825629251234215822617215919673883117518655743224248255855671539843158465633913443642161653749577248836144878245537529821312711591348255471437893685859228916552143635846923622156232784882947883761939788867673163123446644424666439686712829326943
988152337362489445935589152298291386336558593285152555823992831155369664551315167851571244263686166442846782217898782815854592182365129258369447236215842829611893643389579969375135951231225749875589597755997173848424947371694669564174843545692421584769387994248592189358348817886262288251845286475611447179955298154458529483216818915998712239193983356144791717788341655566778978948597993124618791821734627581419363781233111573176887179344634156713869592825492647393828291441313998953246265229343614899483835354772
685847834699981689453395741562716222393269225813472951144185184318279447369135125742487683493956693587381464263861659336558497347119283412598374858735516371128836974872316676534216681159424972891193241776946342265228445684912954639115946777938211861438711188527566791225495514342693124487247394538552824851222629375271121165489399919416736858728656763839253344288526828873395457897626187482657169798528192272986375883758495275586597999384841935745672699424437654841282474271299114732287313779926678446968568686441
321247575967562796732183993345568884127799945394118384982329867684348335584231735799718536782154766347771496887556364593936794214795228829792952362982749222957371431512877832989188123924564851215896927612229572754515552199577676679729829475374846914144974269121636452333231558994875988478635793889254189777312174854254683449978235789635843998395524155436454548744799888691296419734585463415593361824731156922226596154356638295163347833679252791763281151824147599596292651438649819743433434576244829858869815322451
431972554334796762824825598368965623685374483115824152852662796769296181917587463199833767984977282843117617669917589441475848537381647522752292617956466193228328851876282584544228242463346243222491853239658546335848827236738981937243176141693953356889337444835856496488623442895825628761185464141592953656996521461579288915849825732826157594592144412312216455952799294231982899765113134141642232424835189345979899283146376118216932153861272565331247388527872336912563797111947157559537293511634987611999532256383
739739233433114293447237638274253184156683993649766331216945585226574932836166273918474217399885836842346725418798277636998181335516787142248997274983878452299472484226825143849177463271681116428292616857138376778528269848191132636597429216453556462931277199417588632251455285938528273617835489334533932952795339399138361715852744642488338682186543416358698472349658483884282319664716965855593158411982136422158428263237935729962497193951577764865996765144735354455714171715391879121132672641634559689992138352517
522513625795873947164316346242485297672628855815338264219879712568313838664986586931616839263895391573467498221762128638137479315357758268436349912764499551533811852143248222361462934739412962282572256793285655627891258731273838286478689471293989567347625417659212356133663396769452749491376231197153412612638455713542569325187339695877749513932646925424396624889413297296844928164966164177229637631446114996118884332421489452482661758354769787825138799669397322167435291857287313964473744138633189288677161369771
657882968754572683437386323888465391164152428598976126683576132879757996745442895372463991218513923821481353636622588278199743316154311297819573636313933562586778712586918374512276764621838365471345323326613661588363633398413479829545587885252713142372314253118988466769548266412785684246372469356256655941576584433929922451227557691322674667849519518282654119716241897641852241924468633382221855935158434263624199119554355918251991245712467661248249846637386462181149532941522826139871755138245834375744913167379
655417654388975283836885537919335472732284285539192492249563494287468762171856329689894723226785512852753283949874842223294349786845321497828616459571935166212144524859697655174299364935375638696872767518429756164261123116833283512794949523743526985842827913754384968766958556283416325242133867396656354192169191131399159664191617921873985988659574227829658664153244571311115342624549948425141691635722534636624617422118671116633557641854992961824263833296958138877741424642844218548248299948278968422868743425391
578899548993448718821535835668413691312891148518521146274275485956734687286637753323963488255946397769872112725967882858671452488757427667562141113266871769339373182782528987164736548182322871967436421759318152411455777929654948836481246282197528323339937416222178192291518265458973746995867196617656765753489881263869599563352949533272769319455758224233649475639255215814856611984462854448962669638752844363623646924243423652824851953325348444258466414526125423866255938922469964872215228244225595281872298562557
538615616439163736554291858147239656882824851235219146813367238698759662749117474993593446249833884778428256876539343882659298891135874991848384565534386999728966926171577927648642824582693593248449661144717995586964221584282342931281231884961444366962182453929424275641712599531873778448449661144717995586964221584282878217269526896143317428193424658339313289552565188467756748221632828975274596333422733469296919633344849557842828492149837477781632235152429429132821487918428247228258887443921651285452744361457
534125856316393663287728876993924346611541424476149115783278574663436753379215929493654435229343253221682995264565878698745894898199214971427362743834244747878577845544881243343468911423532512824851224858778229286778992473417387381646459336984759539632529862972115252279181842892614997143668446226858555931584119821364237632815376589936716186867252218315772267523295253156178882423669697996398141463576511799342276558238384617527796194896674816733813648353314965155251253832282725232487767783629647242515925765169
732299728717841828882488311315522663814336854347471696655562682246632322971211922849651895127636243914726895865184382382443492823471467328221724382551527146652738687179547698951222222873213375229916658594466617128511171416932258212411222649987171774644848116788476528224792978617941528251482594223369965864416369989982225275743647687265574935135224155728664728587738993674885451852462198219683488982783253549437356193135289324913812399472182478853991725369822237164482899937347324639833714311386822428563313623599
598248465795286394632164663817329738374716166731821164649527851778432993941811622819817168346514148271932793377491489449863242243158324662485372986632228291692551657849795279846941414298273468251462814135586646617413642494492139842364852936423766277236284786681147512427882517267273642482288995524767769562213861789925194928969993682892283987569817764644363524277932632298493413912238535996257854464532194794668651182492282987336659864663238492225251481621175684785842492394127427397282485112453119672578243364467
262568252117999637262511928518316582837178332452361212721352458575569796912522886113197123399814415371648185136297468947885851583617831722755376683466152881771683886892728355942723658475954432482231918595852248349941145895891412967337557466161565932179963811936141954859117459118169148215863365279631159923988839933948479817245243435227885172477262154689497882218316514727271666552237428479685447312926615865343184386229699665877297635832262899294128822386188985642827173954338459486472588272426725334229322351285
912927773917267299319571166818285253645876654935293922278828652258588892941793663947162729597221362316288775913571315476812252227388951959829181448844284248743879712823628319311216226151563237237389816127494225546157327742325582569929672242174752539411242363858277193529726779122483292241864674135574255971646599695132398782885854296486778496855945461176919724852281488524243132254132338963175341698992917652282754752967282424162681216843545755968152242137916765754848693471253777388692656679156865882181969761492
779712753398852873329777762242482828494163149441599966534282485122485458488255444599232759715942482511567259391765884678722328255439619598659926595745248545747835487887664163274187658357727924547368998829723597829521845961523149977497488227472938421396887719441138791189496324177968629767953548614529844648519882251413845274221852293851224845154755721998766768292885276364966598785532342939474219128578429891524841197651422217935271625597263738642284228711428291561696671892646744978242469846629168986812535837992
776982217977655582423761658282252688834144287569135571842564423633612236389364412229469416442342136611417559383562725591265596717725622376657569411681842828745592139222568799371266349831417666478311867132728235917724974273485388234433486624724119972849376585689569277285528632813619884486447582596793579353916162212754556461424822433282489979758865779752319528248725565983318317248852342967489782274923949362848578768542851713712172671437373582174788354393115111394841451145745692922625658489643176289972316725215
317737911646769625899931931851781388419282294772946558991693443366669996236722282812766816241378138582541453597699362824845293863948323383738345773786428242891914933655582964738673574315227267863937772985718912875541321557447218687822852819329624462821462988914913179282259375741147821742323511628847119716295636451375874414722481136712858981525752779144873422816715742526817352476438744821299582668646157752485483157715347154313871349186627428248512286539259966361999332291917272962619649766973197671524522721798
813465387714153632688533762856153265484344282989989936467374148593776554217484423848293633358146362363228559943889469614124823353767141315122648166918811736168763677396429941579896199622744933242787317414245521161339239867523118549177859656985818528248947178951813982444265649579394358758924469688134329555366628688527583734925493698858337191456911287932271976339747241659145719227235782212117633696688219632282485156983544414986266885883919661584282943147112824851224634369662749254466463767173144777366884721337
271741486751118366758369217457596311521454712917861899962674622179214371217177856237937639358913482735823896911753613978212585214559358634496891574757462952651738816113129447214852432141667412824543979542369199398951726872296852569768649486978426221584285675688241428623342637351238282782756258268768826478971226657282738139795938395684941234542885972838311951313528119883886952863872256956975985996374517228585286229494542878726623672793739538696559324934773669472669634364221584282266255784413578221829497374279
773511813191244866753643277238275231175458248532497132638348282333565691122443111393636899952392486718479972724759442912418777831468877165594512499624456222152585342528588889158758544528658252859523676862136789398391953582635262978461838273328656469982828812219323352326765154855996343675669758559124684519612292698428293142215316691597792371229285332378683537126692434546612127799285883631594656648775295258726714244344584282216755145169684223959945114912485458488255444599928733533333248651153799325882788151729
814376594181961721543676769733321767168662822113282827876425224171182768742171129693433589683962771781459965326799732445819421494444239994839312621488963986148933783849242757121419982155242484899227696564186989938293663124365296822737872573349919696524876392348885324116924815894968253425454854448523682392381812286964221263436671992571285342223315711844817128939281138193572586665522244798324634372753328718874611276428248512232148186991321215725236762562283624443343345872228525244365132729958931946426227885558
513112654455229425125796881765928685311417242975766822641859399433527164692244423685231296633462667986158139679541531131279529978644461247116258941662376971921415286911825484548192924177622614188111277977658628222633596711888263285975476332951733258582237319883388988257796335958362778225611179294246368194946172554782284754323317898318411375856511285716472394431467539876584245983594426395622858252491433745897125431364221584282499895156468834796974346511528251467418595563933351446662312927124573573496534337111
243353536547576712159148994667126336373398589937843352684859128587158757698787348573234296137731637666688552175444394464249476644879338258829824278383995296297976491796146289651328558671247282485122469274211866596955196366933333428657396456236815187252966453555587925889212348914827362517689235672882631454859539659125179152788789827483665459286545725382887628471918458681458823762997826394615271212891793736456959124729642215842826379886311889941528945521842482292216669196633857763119562228246526455366157967741
121968783722673273886754731425683217464862366168681353934319414425127542927441399543184762653196976938658885657826531166364465274892911159145969566347913856986827959931118798269137412952677314659595786577725617366858587547411663377158581694588358584284984162321881641946962825226694964811737821337854313744354178729748243193349723425287173166424182331361495842263733657782712969319517513288768412117894399842113672824851224858716554892727369836452842693311373989313683372851446793623959886457839596349532278422149
124472732326788913588821382129741158599275912965881468538249834991925415588974411473556174333496596163755581919175762382168499751782116692944184282675461344238423121622867395247533442217683442581282717917556869568787471721668352524817323322549992148918846879671742482126615745486182947168915977996944682892975733731283356334163968893399646292822922282746179582887983564693822854784452636485838827124149333588719282485122485458488255444318796984942463355992856492776844952565937667531891264294423235144792881538249
249186468297633113442497652929688224527441896886296139548227493792599885458335821953851241493477594736852551175953469648917637266558413333541622822731697255978473742865652745363783485448239942293765433727563799615335422148124964676819745839148291719532171427988482152189589394718967234737253918539539312267114655682572839636815653233737811871549819329463513459558677735158418952144452663656247994139957129583628248512248587165547129636622226798799282275779447915149979137141839227818295275299678493118677231359566
872773296472227599434486754437452282699789562968453388698291625912274692472373312586411469474633735524844551738636769141119982886547229955119563446589398414585879594293389562653725553851556836463325172411266293794292769486537763384236188112491469999952752354751714824422367197763346773655884846215532763369414177451931587418676643787732126272118567438959852722936598117577584453185382639442725723192339976925391166335571179699642215842824276537961723771188784864231354184733689718321784848355971123791161186132368
814712823829784822437323444196289487173724566367656711198696623886312117427179328818274474774799118756646382756698838464833389126561215137149668796227664721856697332925324998666643544947627724871548746523989583285457639781695272956239485714824893463946818725329118296872295734668368751439362529416146491419436949162948521135289319139576222496383656679883428727667234796736351988625369296441593212122673126222685855593158411982136422158428258922792112731522957897299639133994142163517771548841113184466579535247839
533479634581587983971777249734768458314593979235418497752964427884852617127441929262479614174167176779129542125497274421543326899253968431152613798586837889528211662715434128494323252485872577618495733268113565242586262758379621229161868474222589577118365946732256261515842966285694186972828122786936162814662876374874848369619296496785862863663119327581148663667849395293996762883351236746685284796635432824851224858716554712963667178824445646991495215652587582362688695564554712778668199668483653824781344219479
583732422196126212237925326381854699111421675128116837814991684444424829446367685565269932599568845445136812651621644223969128285452824639727575167755843476443332154147686218763123882851279797794411225577627459822142314413632565848154778538516176862695459455293333583679826116241496591854443339663636992881178828493245595584779551123728588567636818789379155246746326412545678472493484213955183132758754728248512246343696627496637753323339937427447296582632728242726932225781624812481328436522548995258725191128846
254284882663616535243517413465793569188826612579362659776538347869286323144988637722513653576268542544632211345991695565585586457795282826917295733497796144469925136121532562292583841424281765918476529119673659248583414826995412462414986677455346789127744786995599559176639643822279533599713385517542977229633958221827776824623165899715542175349645544128281812895131951936741545868296843495226321781948893299511369725633685128722436293655682296973227747239122412814516487347282586325382992927465566215826767553236
426167672138462113711865353629924314511342724118656497786557111767169943994623837232817959379838247554872517642821689885428874943851545269697961916887382238292642663957616989668246635258229464698716385349769244455287885398376298231856369373272921247196258289929279555694172229557113654543432383367822118652269897817282115128954924846748524237853731994613242234115589367218473856362722441216771325614938763114471969779552681875547111128778855365892749738627692852147256583328522192798822192514838367248294211574396
591368485298696418761629896323733656298534652693797463895567312714785443966719889662884133684372462312882881682786199458411251849487511448299648342127294727291842127782246653172141268882952395597999841116756815842822231426841775931573128625277778598177237982288215897349133663528254567314513522324791448731775263163428948392685828413315928231584237714356428268517332915725962429562473443834369255863935111854878626674377657879519541825876422622492539555315448673525237211927842646143148549831975816776852987345894
595894747169526476371341642289171447297759776247665676593334678314995778933749512742818138697372992917289187344853514368453757514656793842469786889942251386141728558168981667481232244268962178139554814199372924628166821272526388517539737943994815984126961728499478748923224773682182151151567299862269335341286566219812585556948448693811315442248827249581592842111666838518522281961937841136148316993882243573158969684394754851129995529214148287785197822554472556937642825976668788253653114872356919813244181645656
951368787259844764372281322194386828736289141673517781882295593362284825739246612797413726762313996361366637973965942686563254985279811782261469363846564763842122846454477186918855842779551867269864719326933993324355673289492565414919564817485171714657369215781426923935418959424332947682992582785236414266155811566536815127322821256998213628622644951133175629371926293375471525681821964518158799944747286873488992968336337133516536259574781785822292512879184958381912286575134311759173427699178859835327837333336
481479394684461253875259182524375241367931441823274562472481398342175896865184444338336883888245815539947667319352886951672816238232815151817994973949285586249226227425847962338938248841453351175698478763833191174713692171523645329821197452544138944387862225161629791184815994331961339369619767652246425874772319436162124197622855788236128225825124628864897725699325969369151845986972713122749881154441264467526382268312611573146146687319481587654522812945322893594258426879442195466272729939257598628282852311236
428775667854931925536818224884812316735791857728757273837546435625565742444673533715314751551418942338443532321468725556792764328946216495413225556561584277266686387421382822434796422355395637975424767685628241795922533475585736319225165652885355485976326499964426838955936331115995923482466562895841473997234259319242648634415978518177849528248429642546457519987336515156916876693734335122787697755887863384269699862292673512189742736227756217222372898379697111223742111514587828236733326421181926569838542254135
853783315566914148641239555814411195183966622978295889445143658266748211899697959784145559695344374375846519382932546342618723613668913583497547566638389212617242225299781443753465867993649296633124137947785842857593376228233732619948588291824847273213229344468754971848587166575123426425859166557711822176191654555226918862359619329465981555823666147961954846983594837475714118314128241129181922529447347251269393686294744991441473136227615619358379394883987314556728263379578842249463988711222472315491932511365
942953291566549394256428248857711327944858428466922285999399428222817466855577996683245829937963759767589596662688411763993588363253852552267991112962192721188855821882322178368221193176961366711588216324121822229399994548523358751822142629237887842412478348363263946867683782196685155221822337391453444774917135869424294947389712934993821455221322394443582222246325915595466843968348789427729914589296394649375243683286174861854173868541875179569366773924435312872166191298125285136963966511111786864474772294233
949567329116479974231318449874286974785433842855177425258226112893148146999889522763281565767665213568288391975312248855914589999225492762259516876869133647774833131888975535664492826125636778839247835115657251888673164258128396591242585592199527142121274841472497543343362977715877259249916412443689871119168522795614166139146522524544379995982168775558525111982622427469661362849863931321666656389246844619928217679416113261692713737565835468866113536628111646423144532483676126323399994147798879111452299542133
945462768291414158483923592467216774984936528314496637747256582899787148888828515754988133123387848278278822579732825699279681763882584226937983613334138381159269598772744624592282761263266417392827368283154481626777549562222667388485445962539224668581637797923611298737896288228272392395616781329686638191362723666958677969824549554359369131157325957744248316975655296215192637114399994326456489342261425156828514292417483439698268764568338196616113385947775991419786616837797578789293978923814738633823962152569
183875824897863822964732698977934255925566122373782518583281338289337232455153661423645163125788366173214572145612221973149391428334593198176855452834638288253623795194272281922276746432837414567946641191442925746676756141248369625295441583262538524667683496619659678663852842842828829348819523911873432581672118381286229573222324362345725584282825758562829983867345824216894596718789614473158246688131182445922947633951499119648272622959298855788845378212137156687628648739585226456319682966398351742842373152963
182531482521961917242129411688814468628993728373289916332765391152367842721433884573944923888158375571647371759775824613189193137271874116482642584238332489522988978738289869539366342659677212733728279785431556754687348417785581683178217659911995289582124159113386339853281521584911254797413534711236174412289724641746841111516386973698888242816992838298231622178439448286768478477227174248563228657544383252329947623431196414685422515735862835727412214256595777528292411551275175979219424974711517384242213812263
473391122122981634822421832632664482441861842324689426362872921852882278132438427814648784828194993324994151583213242473569719933811399922645648848536585849552592654695188928897365494467288539482797292778917974946464985442858245519155436471955668596164731345492968116488422422151711981871748286225383172188436145672423246224816194213255842585458587296262432876823826795175522163951821668268176185143834273529712744291434389241382526575198247135291772362486845118999663833621284232259566228599156948882282822446789
395259822458244428241764737512855473361861869324645545225573375242815612958839789844745754289791497952361151997998582477213331557155118517794548422159481229434194123611516542454136891245332341799266549972658118982419744965347825967948428918977911584487164644627759717473645842294923264612437784389884243248235167522284513282918435311379322153412982462893646954255262594751611754227549189785413525153417213529474767439525936377172588194636147162753236352649615153837783675574415845268869715665163461182155519546284
364755813675148222485837267232634583712911922994922279384453978627818715387743949324419965189386357959494922959798451162223598271754948378333759992334487966731978953312877686468295282977368253847677786185923359989882945744737851657694988774497422188384418657782577521221858584359222218814382174892937353522272382547321741929374722664458225676968743437683943634737651794826683964573546249482651899985271674373611725149282632311395285162542129122787988351528318785848725977396845334137633113719496196565999496623798
481388586261465215854633277685994475982313327668623226381313772654648771178747154369148764179376979926697199924427586111621412447922645162323519928711377365633662967662469734249759381133442431885439288929428841835424321451334282963191976677662826928552567671635587382988477121384528613663624744487215916125268545826194994887717974882499214123989652786654271598686546237595944433213561278433761479343894664293411727776289452765543681325242287225231952947842495128345954792799218774561545571139913976397614182334528
542389869861121249846445785918398795671573624631313499349314159681565841478698155539158124771613146446686436919834846834737451645961447128635381364947219295423268344964221794836954868966922833546858484629144921225117445347963242562359613873769263642283547422357987821128284761939919445365758991426495689589562356657682887448119413287421289756755113856822743878262826398896849736613932595323794287223294324536744577365883646622441139775555384729448921931228388416173745711766573169832399811565773491997231951947958
217168983841223648365896856514342319944773377371452465983484721566235723473128385641187365951841949377581695989897829571736659398239469185995341817387276388115914144236829686264722299469661546127543389211174648322533933362923824671153716943242965682949877359728444284559296768243924162292214651981795172249594374535886811297772498788944611857649647997516477619785458715267844712622932112556632885133558693788538861844862619381119246872451182786445188874962626176142445369589939452267646928259887675669165449482219
235476697537269796958244284773365318787753938667388215929354611397357427495155744664422263631847976454124283285881244288812819869369196222741555825811566352657328227139272441158841665654727948251866328361162775425654492149874296647466868221233333145984423512944258154482862454478247596331622956677389233829478561512872831487399186116851313915862886157987188431848424549942725495837998413564762248666895993995887265174724113316371451113855787929995483971136412616512732833599671623121486852967776649179365927519643
596353318431385262213974163363862278481186387937642297374382715654887491288782442861273736338147376442933236779282483385845874999846292248283963623581629762229351784556718312825877638271164292956436359244411211482666537969584721833477292285235557144928612953292219354764887177442123765875245684618563225966975757994583365846183589682132217818142825638355627127225288727948792761867233835387164826369991215345155717653782697275988445537635957661631353372496232963132257719894942318599899536338589156649196565555843
594466441614955874255493948787529457886781227114425164822449771736823453228498362339224755122489889778866617452148484335216464614869847982235879836351625557372855585728835342822819916165212894324244556832713379524734882768534421339371612542839936981775399742864255998798859461288525136654596827493118731428242771842479686126299744493827849938995586726537558971521828399584499495573769278886756244247947711997673882445662621627253488868912217583997456349399266364144857122395221231422777883887445458345692775999996
479838833881685966233312439154546725685717126548288631742439694933636424736465768366484284172772889175235219689463777822221131884293857854741781695255768548756295175155291867612246959579735414398242343345482899388836542261482634646251638515582612944189454716668852999516938428124847325765935341817889789227979315749872331214427946649829883465782229222524587175967283161553371618625753847881956241261552174628724893386742527586462514389158554912262879978644144264644671823345468485728267134889548424283984874434453
772744494882663811971226987424149168395234418546224641812431497683499851466285463536942787279678188433891649588576698362297967529651258818375684161768845773666885716194193677258456765828154495881196342542614799625888628611188833716493192478322631498634771819315578421342819386528853634352185942125825172441347949282173233137178454276224215732124146373883642663455974795585331944985924437834325685141662857562187186775475659187152713967784295954832173993315524246447858183452477639388482749569955822826481898922355
115127593165362315464299987364212586355373838966182999816471192782791312494115859661382754428828426569933387553836497392167931625653323725622726813433343162643466679793973977824686861462815442229518745771845758141671123236959934714128484978436414916377327173318833749436987484515747697829928549221248157648482112824866477251751836628469666454978544864622712546133865594746395999669151577337978947887369781451797945457471242598323518839259358329835338861372828143462852151887631712425827842399282815249224497428449
551863792631142425254725211762542527154378498618523395453417565155284311328116775634988859444875776819453652769671437396177592678753356921696149286978253285616363586827726555269999398287599421387842954372271758182539472516919983516814738947366229641422783799542634383963515164699481812182954155224116422354221412488822581442784319685766196478255776824489158513169836355493487899326154549672325827858269536642795742326532336225243293262186877473249372752242416499395438426544542783148593583163773358485215973224329
241745264369178519816635827418414934194512458915833498164424138198334361548422772494123982565412116887463262658412947799968725976461828342914758836889873688766594899216231892897726164176228412726428992673955789152537546598951811217983235927494358367693434497542351364343867796156478512521125436292451989287289542288263125524888636221415783461463385561213524451721828714887541397426967888612389234432391379521591969694856974839178534162985282564526275452651256153928655683427551569784127768967856933331228795426181
271892459417395615213174284258895292759868748542438854468226293778334486542942482923462342465825445389168811368258541429299725113786993962416983756373534613867122462576824654211152518136215498725252274379682463384158111897264695562596971555236926517418741158776337629311863356973764774848294539799737116627941181522472751944571748423996472993322339276415682714173355487526544614425967472142576562294623258395392747995445659734873964646837628824412375337751883286998355944828283494352224451273188749566244245652832
938248428288918585868559424927868295584261417692291184438667623173471486356979177966535946451823428986848117224211877555839226689686939134725679412941872566554512229495576858576827814174949997461124882376325893554844944764147766589394212225481454763554986658114338155538931499221712766927427332686844248126999311843985773813891632664826341161371171355663922147174462253591149194331642473189196351791815854412784547352912737358472747143617817368386469997781244956335375748865473857312281821432185699643682829412615
556971799527867841424959849931296415567541172697835584367397373156241663833735179169289677846692953956544646652821545515693182657145535116249527424296584941615851286516248479535396615583918455738374495536431263282542268762596772179562842851114617773496519489174389955612951475592714546282341345277211883254354579297496216558984486999752419187792365723271859669222898657736383462761658646239199982838315446268853739118788579148274519945339357533773675965829821962799567342643775193828478114522358954311488694296214
559782824582151622281712583837216452728845118861264483671218143771217398899712469662247377746868877128557657878247617815592172913142875629671472354285959417228488218548666483636745442123125246165192133142764244522166891425548422561532234884378243453546142462798695626154936712861364278328926982292971688542633233676563643883322228896715522142618235299811184379415234128144686745456525619163837247138111951649382986788285525513874277923898734971964687766833297868185237677441692959935872959652234824143442653788727
216984226845918554717378156736823159923819313112731429662878343662412226117176882622377311794239831391464915946481637279558574613442825686626374663979844178424242665171479989679227212881624488224882294852496624242639141228125221684731478822211626397512962892996635553598146948296877329374959563252838336738466226749541524368221255147297322588223336873229153675698417577758365172482562612489327852974542538551188782345245523393452224175588282924683696476539494418385756978711538352787782271994142111643825985893971
313928519611842228951232216746823956943769664114113666393884988562263122193566955236114655296166644639667231517854141377271945677986882398992853312123711325882847995545896221165989883578631683566866432278246426585659261377188825927325845429213826538488131461656389472842836548484242849366549653457733217321735213289396677523585996946769864888246446336629273665863661275458795611388964544319989253621858997521494842168892447798655236343467785818665644478595145991549713678799567156493465475848588245828669766743475
945424156738266898635714222643527568711312384284812629796222279995955461486795697444911141954937744168323264121511948317245342447913836315665154555428259919624897875227533311265343425458591336885244145916811812654374726936927248245261928229615885879543615441953672674511656184451248959919982412698583851169932858274522336428242735983514352824819836586863477773898385772435193638935737724118226663441374441943119691735631694766989422114467225258975652577259319233222746694164185248565339626495871614499199742846664
518981477319485394685818422846287599146375528486422712855333637943393921346614656638244866117592283157991774922226942914288772721116813515346915498622426796833451329672964131968633122712864554164248251556394552884314877661197822487878987276159659927694128821984478415554446877866828614834528852468897257799631277297588713578827186376731545436836127577213464111637922168326867838129776755745736336453733236436923222885674987649362752442777144455946158424259619245328919662144783519873454117847372198955419942182414
112356658862371256353235847229727849153578573789795427766796287853484939238727968257239268497613167318871993646439262561458794727911811549426178996915828317877328532149698997368292584866511858132215468429573686888347811742343369619838777189485517228794884723661482661612636636744422615998877179955435485122411744282271563748544599672731252316366532649352484774485976886118994834829156893365767916186953747642693611455344724946712754332445625295611718454622444565798588582812142148434254365485677561398784611732348
712779218784145539393281565992226989832378329246365555116828559341345742973857325676995851243663699562881434313225299511225754851353527789325134971744197295128857579731522397512458248556944595918856295933575647825391766946459863715643688553428491651121762719497414878346356219736129231113294411669282282485971374552811815124117445239426335126981696637978354894494268466185934864898356729134763615489388221935977621589571784929747829976666377395667642386991258766799882565741896157218262894981476238223225683447314
876293778974566656812782495291299984531975957933436696889866457713866853688935123997827255663965176526999363824167923213515952691623564157618732812824258739963189978616495631383669217453419831822442281167152421945558477123885461315112722845813556283348168359269218789173133853683153676457931767564271487357569234485871228282216939658747828199178435168252322831233462878263567257819938729152523229622758922886665714818541759353618282956954112696354348839934672195249823736794217638283866452238666773566195736867397
752137486443652197281912521217464424221875627621471637882113548885579561399989182611499411525666399827796691921469394938411821697874363111457912562231715143948272256473164424543746523139479625956786966761879887344365471394768529355942792436575523371395672881249675726942286423221739436547387436444175368385292418221497773144262336264358428243737227633363366397564199675759481387919541663585224821591665274395691221288124859881462724828787482656982938542938233457349588933979559571679222998865884968761142332476898
757714689777444274918174872814354559965829597429186681245261685824237961879389328119466234628424474344563461993388893358414231585546171737288735357311681653791531662664195347293549584233617285392537168455971328395349337368584881911117472233912196177747143243124941888643384191813685718391681842418585856244152122425839776146963376763612488826718614471676251367552528246247782389357947956228112272929668112358834749859148849888763182518755669956922254347262318575677498642473754949378482129693135491978842248681645
918671758821716381948396445775654287361259394296656224297573241459237644619382631116478231398177115365343164881249366552111836255243131994244156579378471841117544267896372593663539488366611275272196694633815248398752439677913937252265522844968424611928562123521142329573976961274786951264751566744817994922383243854769786978693579496422248252981941357893811599943782512422966856396688952836172779688166941442877719227749872688628148528994551256768629687569384779546324541453788254483821911512333118472488243421152
697452161188916631694889827715253594321293687267687947415942822299249622699993969213559661741111631865349928489236994439128595883247893654127195867352618911171244294287695976647122373774614612832772823139859228392917416282485635947432238277962562666888592784814892946763584827485152436192376736424412157121342635541929644415543993741121842998933473456632369551278724825997626855633998758299712181544527867338573771117559877755695128224664827295885633374192227743849924211785775814313547186984463935848262821173981
636526674424967417198617813826173863374131877114944851442839263422782158633652769955556251447578331323383175427535611436685528327249383951586512673378799464473798369883282914282632776924153475448142939324818474485568225422254383617655557581964258314292285626451234886958738248864452535738762264528272387755846324125478398479948448773415284981952498814915979745543858427922689811687938288295915938564426958763443828821666336141111286746994967259771741715196554915577685882488333233517181789573582896811494335354236
779174918688561878996846213521793863847162619599122429765339466222928244493685421981248519199571356992351141567222177146888359651846386951827756464282727745454895136772341522888999657333786462373138939126966914173911643851543212224633487634748836185915299223283968351692779528386157581192784141682446941875828171265977394722145763198958155666497254548613174814655728251785382141685911224883995597995935151786682227492263918849994114739933323357736656678771143564121163625772747979371251714438221322688181672953546
569737556125595632172887588867362976891125697841425923375335774553289552661772725721214179439471299838952293966293966175529379652524686686471326866811315398456799446833823164928638258486126815614249912583667874868492414884823685629637443196145247673822786479846465311294973618157329557998258291693936857678144682836288895856475384322984225698583464774377689443296778411623875546585986556633994285845237716368885987622775936912222388175538245198566975844945654188646713339953192623244219936642888467523462825181641
295634388744847335782773561468645426216123757428518987738835815821181179633315712538877991739169296999498969935639856977822349884211593456214142582222448128823559833435534428954258245716685373678888838244325529186683874373295213667641329439291285388588843626221428724868222234174182964358484385838689349772187136919486869272687256561942229993537412513764817483673527974122876834599186986438629321397924752697968357662638793788868382144139748395567417565769934188685621311656498282443422244433312424146884118269959
739285188985647882262198441235665427979125858142872923676332933737782558316985678579268366794485515955658765495835874674774543527171243289847583324142735876227629367676975385122441687764282968387925833669472343894789442597495934836748668217958242346196388611684827124241198161835269418674252775628631297353684797275917726728365484927428497338487852778267534226975119365782519497195717388478349178154131858599265828368635648159738352771167768375514799556324638182983973473543617725897884248568257954488592796213963
751742282958988287226927844228898187346995562255478342535932939434723858373752218719691269617582296925653935833225473385522574556939445264274288138569445959286289946892228274841159429146271467738436576671995233653192263215961385417312812685655669235272131586724677447421725187812418786362812881796196431275622593874153785845517778684882598392131424884649165388256489333221743295992553878345949982161577179743247241135675611919737984997665229821865252476239329951786492476224948851234558844875597519976174162524166
752128245914644174882534257184525536676772593345242814135869339117428153246715815922991898377667836972279175562183871558852762381617349124396415121263312457422187429544484247493641892276667218675244692361198234965428251911223985699941656371421612722842887743232958361825621456944584682512597119723911174668942586785795248418398752327824447672913288524145886739135766427681744518394183235419245913716232213977357244169335141239486972695612876826865651914917945137329852438229682284262817843172139914369252986158576
946954999922436711469328291522518265276773521678812239624288723169868184735792297996915833675977851986276178245827841299758772471541349528662183854828483351698581626571442824758968347435441758757242861673948844215842825343168241465741624199922699425487459857545452797515173838858389522256834952917219932745141589943972825251645393448196475887449682924955375177118858712366714698576722293777632297123398377555357377313338145239189148985917936863348632248523998141532552436799749928669761773156628566381963783231513
457679226522211514928481225832616258246672899637247319766258433438839151165931294299663793374441785486276355443864479288822774181855548864968883129543626361794246614911948778132965279331622651378484628782336863775332333891328822285179644988874362211911323248282112469914479778414236163233575168497769437882588246999842281282737546288217654719711928283781846281268414252328874266413122488117338293823781432412685241935462141936191662969495517674458928724615743512429923893743791916729757226784726833289916843854579
427236997841233734155419951491483431275679339251937755764857133965932558798374824138166777577333425871965338431946665917621784787829498444343542135318494861962824452976683713195838922893317724928263456155353969369911399467263377844844986119757251576247197644699129285574482662222859682722975743122311517145644824293638622328918822153519564446749597693158215731522222891795514237492352538115138548773114318819992214538632857443932366646438113219153634287335353458728415824875124294428856266664577976282476115633631
396165846465166952635433691295733498678649934983366484185549152937372514794344647146744159586313448817285736167714695118361336336923475247639951394174669351939721682747124297783612115271584778248582682716817422984944784919929754433418266647492399886421433631987452998147836585999413983121181998714456554817638282286937347318723122225148417873544259285512725389715999427374959497369377537747828457185441291323236811178694936816165928422895233229833153828282883177782448329915977133677246543136627578545817136258131
898362639498549158656781484878495562691796824314738734528563473967664764464545747446891956552213889577821122663724137485165592176998173827287838266252154284665218341849482357738632845977422944217673661654862782184943623342457626767192351853944448525331591814256778677218888422824136591743368282423963243686697724117141451781368564226232699487321762461946689736534282631597636699269338488447858278572537134269339517142325934235721782251479882415411656542584256229644516189995939343557273934479862264255429224623166
838826625124868623618257267284724223441644872622471373179567973467291937365554747358131333982462883842227932369299778633198598192195823251616439882688667861222257125849314755354415282148958415178614725253968728336453728521677178353336516525981884839828361131621732821211485787663686238999642215842823967323155388517846568683524294862597961115444268387296628244563877365262637337263138952246412245766594571322199524478658363762139785284482242511472144489548521549368926118891922237556916761198828648888226916623675
345663772682463938926627416422754227419346278394243646157885935871314348355774739395192364934486241885489636189998478863173977191738339415298858782123491167752187388391433288861228458517971478588365616813685843321524466327376932386972467442191377699116589985972834276843296423442576175226391884999411758367147421765661265279982861648138682318282826557871699979936553944671193157951445951213966115333669969891194667592959369577116996182884412877383552459482152414835926573914922563518229647578233861242515539652782
534142111228243392459158725678187476652366612492263374857552967878924795345714538665882167718423446785429634453358474546176324463433898196944465282582536827161644624547144791425559312784979624842645761394242827995672734241662378636392642285195349759548297658521188829921318481383324492516625867751184211715666712652621487241285571769119219811688251889785485114147886482264723622684346795993342588165778794717111474589335686518838199527795573471659532119452416928111433179655366151525733838114643512824895167256685
534492229232391818636224617342491445645113736145714846322789467185655891573758535744282627118892676642462494134694597163476795267753193647938378221162269189949523782265283194946842827557661281134975199963214297348213725667263466328246251835915485943152234711481113766974962946645714533779559892822857844554942731733714564832249363557355957743842482352478356719985584995682726643927216888563145241729516376495812974859478579218378196883226772585316691825445846634832894156551764834328248891482986749514253519294468
141822159814853199743282239237133673345213756749417459693359893913815255352228924753273659185599632945972198484439254564419963682715811975987956446833395644568186122238579574617328298552278875234218421542858863954174516559424851272681752699775723229369323485157465942547746248271482391663819774248283254568766253388323995425379184124151383497343642881258389629493659682841299529633522529237178825439121169398522114879693379995473334421196165966859195824692742111162564673791555627622823926842939547795211677357195
412769229464295877186445936582456878315233212359449613996379846316877515315154553659472389369796544142378536986193924554727976655898624529424875376535694997563125148653525941669153664856924612874935319522246755932644822869482827934284542626744575312323783272151394141251589817175213515357115497425449455218833591412169466874816348987868913662684282751827713552955678682735739751163674458517726784399984552857578529877687359695772691231261244779859698178835222841174216413164542877835468262951164179896213564875396
449646838796581651696852253665152274668258812549599256795772176613377273273417513689815285963752414651644276931512371282921262965369717972389223626968556492269253969799365174357767837559668281665335593371581271279282514697426742537274438336829861217255159944146549935111218538829586149439621675741239829838293143638959842217874427356128785443892821332153416573163673476165498797163271738115133752816112342523389713771687263946365331893216964951835224847796682877886443475563546494826866421882924523234297418733782
429424988979746392998935816278312244667933284578531374147376929236297238951971869366219541662799497344852843711213391657668738284454184321813284299555483136334831826194959983751415144515134795281123974372187555854966114471363949298826924629665277428837584839372127144537254158127631695277598675496233589222928569954389213899446989496374853831822713627197456671539418233193959747117272733465178582136773642211145929678629662845332341252122598354588562279178429318123419372789252785838383483148297699319478424534812
462465674526355434314834422419282114277726573237851832947353364296516668991977469686682227492263918849994114115219499981358769522495957238172292966528536868759173866331132888537882838199656826179531738434914988211187741149319433681649456759359586262211553614299191342799317858718295724755998164461473189483562983635189187591546213154711466284664728182772475278222262842718429145717792654488865172581843693727537819665391147342914372574275513485448968616728838715551173972751575837844968152142826384563823458752544
768617218456283929321872913531996623682316949197722264248622667956216735593378429177399793514266439544555499944699452277311758527881996644286556349179631159939924321292272422569163961319626469227467912621683754886653656886433457682398519478674967625312646396688157282485122428242648648311971912325643242826142452886618897222814828248515358452132957864172275823826123236135452772797392624886592118242746857539644146173661157392694377378247738747699522226644534433522616986986179844244613912671241924452946388123899
956682393266649644385677551937156649411379934166888739296323292416439789689128654356232125921554873976718694949384496792488429739124191569228958228591179399264616232792128221949911833512879289348981937396837268857825128388449287222852524771558333339663691559695668112472964221588799788898778622613342288542823842842347638842419221364227314262933487124854862898845316381429439215478313179779277868596638342628152784924248289199998931446491869928611433287674179198898316398223821849328251268697584395148299159895153
843814447169555858591632387824659233692136276336464263996983266719466989629187987325657161883921493919555871256333169515613523159581624816568632622294318393318933316744732485918653222842572879713371469332851389515824158372688819624446366333353378299954445528848545842215842823185755833326387258396443457188325565822621724888263485122467222824537167282557887736596955129965619543345269112563764555936343653448686969865954853263541355916918564852527893533333213792114112792898585951842825741649124494262466462175359
842273748732468414232328441852835279399884845374582659413259936249832886927152665795613664464952822989724392818559577355754145613473438324238732818892698998951397298593422554934645832824882672473877465194781645945634128312499814562455943354749662228775554823893553828248562966399429457427639797525723843259343359241644264844968413226133394139212978822161752186472228118659911534363797748816731856939734141817392262712694257721959642893735511661462423773684246498441858131296751293522245498549422362565849288168475
373673428661717222861223495372576344733951545935261713439559449259932219255355971679671171133367757795337714651737263614919215448229758982261162558542369998877771946282169282396835175174118337521557222417887611378974359376439524398195471924549932385465488544849222821986654432719351241158659822249885853283283799985367196574165173915446394177718951242712128918224142168164676514882493173914755446999796322891962214638266324163861524341495471965791334824958436445991218348716318789451586596785692135921227619886868
628353858115776852682996326348915367256645448848461142139569736252933793265959371667439362592417288148631995453329376661952141237436355323178187684564865852664868369142529287238884662754876936112422172268516744784643235744339125618693781583529161695539188376487475268553426775874634115867817916786777885478757995455934132897372329582436337759846963985869767711196589259655246377332723563674861374923866915821993817576989611975859643677896726668286484221211872161717332548493323997784887215445866669515711133858335
681938328248512248938248392426573669358859927325652772388369263888132462899613652732433963161874335678616362414438252561869699135469738255831611742262816819681425826419983533557632243836933752323337683443311469787161767775732751659547389246884273593227518786861466299284614245229964396934464745164135243631785345111651112686951583928869991255521141242236669754689987662885273386631228585843161312982887353228541597618415977148329677862859334119336445547957542163166453479438175662788279646348772852553287116121337
546232985365149234858594628221395498551991872518678959691524244682375451658999413153359653637336362723316932161715512685947894291884551293336911722256963474289382719394936752489551184453862843698995276594671361371782368989774963983451622919971965185752865444814224581828886336931832875564129778446769223218374825161425246748647856782594784646534719981247519635883173525225848633211294586143169722822593349558237126812283711989197917354536214352446994552247827549466653177155678467584921542182878467692974561748647
151316597431974297833128587474258228436726456495214495761811223688677511358592319763917553664638413423816687396293996493132896281526399934921733981289323378119624911384821111224297434456356286835783778676782242327719461294257532689757849396331899656237971381242361772545764315434831381635189544736965133621639113814931559513398442424966254449766183143253233439163652469679215179819511426123222494841382922291628276649541378775381127852323397696316991628246795155367744928173987566541546287115966818683416192227171
129739748843188659447886521888595352628424564289223346191314826878745873856256382168411124265888223625536687643727463122766364282558973697224215725457219618325158678116668419111229662334675341524523699245692822113634282139921517439126857388595718279351219391152371379897619877677517394254179715467448663852126927848917733159857722248982158859395294155438332199159535625563271698881277368218888461987887951553377519286244286886649399661673459319412587282448795755645746328914254442313256577276735416952462223547876
127622153826989992877571644525474161541445992224748944196717714675732875173146151365887774575183993999897381975193752584317246313671915394186395748392231717781229952579951483778448449661144717995586965744618248542413574546349434841554716319123624169454645854359936449856786187839511431483876112292826353862837695991613592621498941585924738296717528241882448533961751463315443915577993963414215431752584441349948292393495489411485351379971222317488858514835881465642964294497832445447535565614186371554583935428833
621237556146758582121224883116837127952719427158791941896747952973791915193374981622836624816182855486891785779714218246517861452881475897644378827368891527732446358326687748382174788352228411763136442796114851372573246523763282557421556233922521624226184759759864856277644915223114786763512287166244911476499139168352254832137511221997999727524211864778242197578514898279393343179319713744621263118247884697952141921197411622594992527875333972482424628532272168892291535559554151495246398965238761889435999519936
625925546231565242586793256255444579973932154211547678567913182969331614192343941487197582671465421253579459716233824729158864828248822213889414266963345661655866372772965242845111371522397177987174822836544282988774427823365166729481616369148826441432438397274787889521316315821674743827641154692244947259833813788882593116921428421766897999677458426639993478312269835599931157185675695394781866928421774612568881165677466228329252479674155912512282425136275165459225494777983819858295624631922542363663712875657
312415379996253153745815216287847748883938552821312492599312141465191626868443331814327579787671884488369123569218712826538359348225512514255669797771373872321875739328584567211748352576644188333432251838717292817389469874328282559331774867232432549246975292662842158428285853559152416916717654329637194876955328673858991342441729646728469996892912288997116616861828299224876587345638996194788873625122839614438542213261678478546219694339684854886964221226967818489492321116471238441622368716535174155965156957464
168196378862686881233893928463365279696754438198978957634912225768194716862348131821676699788382318742123238766186487133753452855144822311797759911141286334174672512211511765485122485877822928677899484644487998927258165969642428867741611443643297687259295655282485122469274475739215892827687163281373282245328772862414458819793477813222831896813642633362716777282554445716469888645558346777822718646968559971736128758428291669311171312246282282995586964251283396651832394421956838847964148353386168282795326455233
199915584482277764179228624858139899318779533381183285523428188592196371564953172285274291525239972574232274129138677826249571671385424884143711688196431457346556548918281531747935229941211631427533185885495161774573914643322844282511858433744428871766369217455617858422158411285434141275852244992498814686713652794222853511112282488954996713482963733681322769287258824637976241365812276334476658212843364436616695223659915564472824859252444174133511563541877692266891894125864295885932583929532889429426361346636
384628611694189323682242544895167833813484126517461965723183724136789366966429142181971831148321398623534614881964936517143313932243286976321557838613845769241971439961876396224352189376125656837935693433718225342219721149121585122488825999455222433766977966958566422411363282795695822222451821319135323721626639955279241864732278294467886165298781757787913632173844242988443897799655341999274811333522277611417385288333347833374558233955293366996522933282641299593911134572915581969942142466121159856416862833416
797655639943454827777885266866431938852638146252485149195419582192186226676728248721355827144522968651494444384525262691544121831746358647137163881162617312824851224616228121322371918882724511436358278851292852888251341284289114851395558586226448663417994141361442584995448992197455845512482942759431499364328171466646156995846597563213738882875429111893654191132852585371855372284282485122485871655471296366717882444733485811577685266152333444299117122663282399782728664173721317582536928264274278212218199665715
192852533688759664287841232266289999994422138289925381794468823242925226677449245729621781842791537928199449994571699738425337614449459941796593595843335847266963436429353311235966336366367417562253258833994382422551914459338525247715583333396636915596956681124729642215842823442619624828245176534913329584165686286591164963768638858124184489971188994622681184229482172457287433337232824851224858778229286778992473417338938778117449366227551257338114715114471933551658435617622171474844661586627736465169664121228
161861579982235816998522612594266993253153431529463891869395229247192277219489927682914122572122272988196655177234454396838132952363129642188316289653581993723379998223414943589235373114833763847846176698563188221948532917253617155833333966369155969566811247296422158428235486745875288243729671857449572962448245141552924389937148781657222259915774984637147495348833322327128491944728282485122469274211866596955196366933333855177425258222785433433444263466363639253686483466261352982538327243256492142118628723965
784356117395857912261529326971434445823279232845529872337322411146138394226929881918916932838519736244349285274369785371442271784913537688424633271535421566733944142517255736692263179999936127863322985225296946485996482569927677957282485122469274211866596955196366937823734552361912324699977969345517957625145164551733982711197887846336271789399248251687663924334678254241669495222914633662217119924443332516625867751185843374442887176636921745561785842215842826755373828227569274815556294821824745986782227395762
783963798689948545218772688973695739714635112482516672124388441176966295687929882715977766434282499282715284626494946148218429345719111143334346956136823167533911884812768243654438999933821228563824428262956829847625414817188383726799641455288485458422158428214456146311132883683385967161736694439657388558485379927772667956828838542562485788352914821128848196554977917174156288673466172728248512246312891148513955585862264486634179941413614425849954489921412277931389942484582326487328349683248592444638278379293
258423968497618587928579295991928811199769923882227711584889771746916515948459771997366521224667744992668521656795499431252882322769197147671962997145695658535671435536388273986116688938896594333429528881823395771876494796385148321981347119243893748244143876945832825268139276627383222561976964989128828424965866431735193426248681252793242899979496646389986717356834569991961522284524386775811187741149684492819624446366333353378299954445528848545842215842822371121444982256896746625151479626882719454662542125249
277633969353482354997777818463227624613247514342353313954372434133996938938784911977414999933236299925739788479578462881484512189691764487895298311122733689319652884243248267756652796311593424928229552442122173866173438817359449416222111694723881229211846725844152674271679546949617681427347886411732824859969411315869862223589656662681822173647421224241673551621579154796642849274888155312494664631367114822253887471283778448449661144717995586964221584282844528292554551541221243946471725377258176918371971338717
549331242368873565556312815562365725929327895878796731973895696648994738135118376636921745561785842215842826977524418181854584823872599355762463666999844332872322343741252569863351488128148899716869422822196891194989583747168894966544175174664746256372837241151719535636162671546474694728224788197772669639733812622472666873122959127322829988383292122881988853512857475379282485874613125548421282485122463436966274966377533233399374114999488193622947222869271386395252884894899317611514243171412814299282667221319
366218212113699277815142845573776523553913249646157199857563363612837783617788911663355711796996422158428296389647411459128248574282559581897326974269823925476858451225894521549244876141115287546145282251577548274221843754221336492424721596334783134548459279628325763535763165131547183282462436456262284245141598428299164225422727148824286687363941528284396277453482348399965282484716562226628228248512246996971175533661193978892211139913346396964485595198127722382532824891315873682441612751824234711175537214559
723619851983658523842187185239349796144338221179328364182147533582858683997585887691637442661398551665611568572944952145272872995173251953157184922217793722889848166382499788963544426175726998585871485482341233818825853425366212656881177431295952539566115112257864433882843338996377331422298694436814152834489921412294259875691184616488768398722394842153153739642922827814116382589432166173114613166258677511858433744428871766369217455617858422158428291838247849839778286974519826924197676924528897597282497387183
189913421938622723429455159234831192669261296599172314196338493133225881395292548889985291438823325285966665916233167489137431917229748334969917848251979577331769136826342287953924567943227742711527874559349872475248419863588323451527526551272261162844844823942278873345917292684464385851695972731766996964221584282652591811691742196815763282434998559318691761585829286345678759893778546276938869685867751185843374442887176636921745561785842215842822179854466573338752522119131844218258356148145234466425896726898
224542281372168188946542713244113915168825946423553167258517585588884265581428753349617196843419939585453337222728551966997845723633142455225996342481386412161733149132829142768277641616591269382729474155224791878828265322785492787122847762511754723668159623938819169368876253768615772117981651563495967755533624313656825597931732235629839961438892957564566669452828248134395374851452787167356549928436433199311122988793911663355711796996422158428292496571282589414734895669754194775184673932261466899221352948178
167321381986247563364435695339935917856978452643462633528991535969954265581586728539988331869941942832885734974642459411245277134782872927785377778257934573243145144194919522459694396773595362424696277261275185836422198159797373152824992173196913315633157782697417851699156437517171713728719183749362493817968261397139397321991269452429115155874888832161865689113772825799313786983766852559799777937389971436684462268585559315841198213642215842829374284972248513352157719373582932345227221932292892288667951928772
166876526163391677495424162832463332414981485917453938232248355587429214558579526833289141495964727664822716813322813927377167687515221325664299372351153172764218191429574922358262796688665688822997528463422413346938991956926888284246497333337315974889371771131651827673233122222249419237368119757993619191942454257431191345162825722842411556525539876954841552764485221976733884551938427482485139735281699311122988793911663355711796996422158428235374259551584844341611277599533928345285781752422546542832461165375
957726243865152142821913751373318828222625357557786642746291537845819576587656393899326968488431339573962538191121558299119959387128482353773756837366953846432215265898889757797443154198991942517239239558999213615311847786397361962283114993257645824412691728597719766582866477478199143496113944861823511581625848615914672697137899358572236312475563496318638812188848422146455556956567221426143792494956632983371437429987768292287785842215842829272124225565182732145349774161227254686441955585874186958152633965688
734681781948616712248726587665484277117917971613323589228539829875596274948793863569164817929597839456586882491289114754139274742424692744755573625589767172328253515792942236517771473323456681124695971381256846233576516883784216136154369662749672333936992593336746755527232233219394861891276614697494443167921273435739973436237626127434966781391858992828696892518144685431643158993688915822172444914757231928248512246968559971744116694484487389946494716698426116849323334572847419751822655243546289753836565383222
134785416211731252825291426944933861428275761125986146116982921298272396732696986832898274719836715871489192694362823139794543438384282586581925227223432934682483345918285966762315662554726282819397435165953197171238735528148513876717882444733485811577685266152333444299117117249584396422541785159664873932745218636731383689173511187166711939251579238614482284972556955859773884853889791177158212448337472474282485122463128911485139555858652923522391552286285449491125732296636329687242722458429292767533554133931
136892294855272284235531756834423796828118228258429226878542282797565975945923823151639312832271827581732349468935414812552357667693285737547351945751645531966279833453121228148414892937747987129361782683257189496367855252143845772778398337143742998776829228778584221584282686587649791572688265886155786879556115514184269111454836428755245421485949945957625428212511224427561414294485127189724798424882624785249661144717995586964221584282357462492219733189222356911751653278681695218589168618512458633549818668251
935893184143759942381696621276348361825922344897151956142749315854651178484668386557593962967596867865319872195725517569928221926219694446494722537764681599828211869136247842788736699373774317142661115613129552826617728444548799737122824851224634369662749663775332333993776189778545821583848321427453946119317832592151823387538858242386219428321788865967982469274447619398666262227899829462865447282514252538921528248512246343696627496662916923758563656954976413225627623574233133415777296397817627539196848464127
364639152189264964999334134355193114821616122268259612682791528416514694252319292682164758622961282976985433988788222365282486489158344796928771382664526538736135572439855518894495682471872146635858611864562912552771748285551247699364547966733422255499952888422158428261382991787419428241999593882633365277739478492624492484729442582353299534237477439323782281249674965392756228622934624982831665828222252128748112824851224888259994555159377668624144973555657625385919987562747114173964664814484916723728646533825
779552717847511832294146136234374266332881347159782735298492842916222432812822277539938475656516313618693451267881854362824157512314643877341269285518114132129621416134716222394935211724864991653564412526924852995889714817642468658162925591282485122469274211866598885863873664936499522166666366224387377619945316955585863636235333129893422158428218843227371521657641733685531349328433827557341151412424372118777416428248512246343696747157326782482223219957743538149696728439662972352575637837862256922165547847665
174995224522247541978452838867232774725998164467275615552612462897455738411954522736697427286717444428578812897838293614258248116141328618852829791416479619382465247884858444627138488296837486118737931598288584839774698483358133441337265689318593764227212897177728164727654884145122791717398192288847385859193968311368241255692233422966292867789923942182844848661191818656984581685866219177277233919836655543462584152282485122485434581874248348726696161925882378944269742936552273467961573721861741428724871322162
172662495851546616395979662363336496112228227887261465481475931825228645282315413932363784992411716639928423267713877858214253573199157139432141595415651658924688526788412748655973162824281222776213976733652796234584816243689322935893865993541958252833547244899493687596732868254966391945164628415869162465426151149142582174575665858368282599971742285659653864735488862826332188655359634916562788558215319451983423465784221584282574174627392112284282458851197915795919989948594254747351813382251268332882555545155
967167665788271158146977133181215954268747888497148886912263356711976934133886129827437764972847916111958221442976285914288984773955682692162586532137716279523855533475118315233712865241246755331364428568512873357818189268678436884833797835136636977579215346359899956563125353838213296478678215225621267792449435588222143148666363546895888212434324785998331987671717194131492946864761165875534624558589772544516162732728158428292198472812517678215223248982846525485696659952888821446739149738598113149522156381162
847152336142916855986658533896391925782128233225712878985959192342467992876398167434468456363255996269992825756732387936289383331132145978458856172828344239971528157221392362325478179685173832378483195392634221154586367681211117132239541439633867759835894261795375977435385442359416837485874226411655532781698511122744353861878443847771782852538358173933343568224236456956629999213271848485416727718632975318763336554361212826911445815275634516912647925479965899241464619248994246819871661754569378963842671391233
811462366717145967437483366115778734138242693897238246881328151171168394551448111139222182131286442179345248178544991399557774718792758126612416761276247454869277522283988478321623933957158999138254962652962362597753397264283791646858893893564258872688651237785127837714946925624116282248996699221423161937645932827237894268896447887772742484539222785851431399786597835744284749281167281348713649156935291744958428257714553198226515928445112564733262817715578985822282925825982266354682464844598172485142668927666
878454994873359836432287636898883193772583633388418456111277591193113837137545935556513762485269855181515222729558311969917196825825433124218225987658252346242828468796525122723874276459253742252865557252638322292398339466226937669815982692772599672173498365122194757758619175112824851279617979824747526288351328424481219175641948258898828852285664398718143492135779484536411515662333911322189282645312126248663436964347994291649435324858732384141212272428687818799552524221825193584169684152519331322351393642736
332182987124317757251924488273165654822196583634321995124753527446228167462523492176844553778542496724656949997198222749447822284641958428252425466492446731284235287714518255876138567516483689395248847968568593662218839933929282444936592138589366854479173379532699755283887939116633557115718788888794539441763761675239865165111222459167522742778986456656873922217138315317941137431631385751265186794641211535242823269515758754198937414282969471579284724482966517728241844179848695386757442289151772974919727427362
661577484436541792289924552443853384242511512917951868227815139333967138643732873173821246114312418548739167492939979156959444331396332335735862551492887369158811456212531135989425379899256792615424994253228162397271199244999988971968547762822867775595584469693643319931112298879391166335881358726439656161267794113527849881184869449162816131869682419196418624258994899671972214841568137484999172162839684281228253729619529651391318293343593563834666682184841156294735584924879993194356964246516288599962293525447
446426729898871425245963818762118442969577427948896494242273938921889788954919185377264921422858829916988431977299388158584282179147822262738762711471857657994274682842861183218619338969246283514822658579135178292563518254333251662568363114224665859669779667334222554999528884221584282527577448896574326721795579827827635185877199952772455731369444244168825266824592811745533869281425537482666771433936217348152779483787952684254546426623318226666995563142521193724118655667125149491416692825149515775454568984944
987182974277966225844157926831236927296247958121474152869969875626369918332619199611919598528824773469185895897761282724148545841119251467318739525115827311189544885381545985514961529636151912174512182749669485978569676658446969364867751185843374442887176636921745561785842215842825176713627869921872288753418513269654329547856963884434285647617472234491928763128138651148699191955445516426343366647684244568584366462995477852217242832365745262888987495628129326125884645683472238987415828279781224856639824134146
982119336784231784242815825124816224652547893532815351963811219321965558133934742836323351792782735493189151846441485522228552412722483694642414781795255389671546532855827793612761341864581675774282579858379631784294845528248512283319931112298879391166335571179699642215842826842186742531444132164538461615657912482423455197995566947433249641293947278451338995579438284166992828282849988286724478225552211756269164769767443728254563438938296663692927529694485815272642452899128114673495242114577867469571159719445
193737348364438229559368419759412118685298327361154342823238287139942782225883783942411862643428317847842747247256633524324158866652854369672374331433697313273579695218627827378816893162849253855924854656381168177736391291781632469969711755336611939788922111399133463562669495677758986612891999773315122653435969858221235243663836913946127391444744634752764369929875223764231242424581785287135384874688258245655839228879192182485345662824768767851725341528283938343928288396388622959792581884636228826932613276542
168121825558227249244953358397426811226719498789628518254896337638944424854486519775959884848712913698476841596368525768312244849875715985819737787611517524122336116434216299666837547992483944135992875161329336413693666419828269321321624988517698829441953819188961465224634159151354947618485999284227816326713733252485768826153585224322586652424358434114823478973956228791231485885284646661513825412172483411781243838994518655479548791353575871412452154189377137488282248657213194196172167733375481982776763154378
766425221644427289887952757471256427216483399765156552716843853835773828234536215414166965331416755397796433813182139823758254254531538564942431438812964316547321372812258369218246781731279614778282923322767829158674196818575333323255358672897636691811611387512136817211298762974123632261444592436624724766723564399717221534981468981629822384176983948797123686676532517845831151245522811818768523519636674785568931514385483428276169143382866888242548461167269168861828411365954543424685355666919148241174139576363
258621427177621855869515475993692758751855122882972647256499749358177253117951528423277286131973185292236649551437377798682996532958378215248281481545656278549521739478685661485829596535882848389944559919373654392435984582698794533626965574411231349536169844972977992748476169764938418825542696336467982133758651168259665994746722627623472972834958217962982989271624384442421222244965961362355962466282281875963694258479335399112743782828797482586537552758726543131696788127837622734998981473634992583316996322943
276287858218981212498537885933969343565928444229741951889398528528432229578949224882499183889511362657768478667658985628642982673192517227346998437567673825871751148622442229663557543838285829747123772674696892819449543924851842828532121265577273595932358553776885395471763136464854584282472672171194312782223188822443361523316461843256253986664528887934689112735663187488231845146216444592915444224173986397285821495697427227725865964282835434871889979766251551725221881455428471723185151364679483146628335846714
516947636996673428849811966633544345668397778528748987345382983374752264249316584487736537551498992928512914114126378683928216228872794632527937895448587251413153878184426119659344272734299951547654157687153154328271324211642246968559971744116694484487738217478835222841282485122282477366934425878675351525148131588194993263973251583255885272534994843562122823464445552949832548953741471966465226329839876547242717979395743789672566792224146883633229721488118796952455118127523552266339891565468121227992593833758
333593748326211828512431893691523394658941534282788481886323883631447361265562345128282252661566368984222229428833198429787691417359156385457887971487991482228159865573886719225593912232287138693839942371722774222451837313538983421111129321157499686682227492263918849994114739933323352935749382556257662148368678177513462447598869395745268838427592528562322249188225111257752829914424452796425437763379241227822164236574781522794877596158756129796745679669385335582763156262226588895345118669266666221535559169698
919855118686177548414426964282823984373365861482259364815581153239449545227388148242428219159724855552824887416811645839721169593181474736529997745757893663696796757855321282489491825888129876784553878573364256315885358758733133968181255843374442887176636921745561785842215842825275297986186862295811897363475814389984282887963448815996348851757548122891641584278749251442738282165527945169221664596866167544648555521813373337676119719711696825783639948863635695424654313876134142484284366982688184739376739114492
912194175731367184545293582224214263755992337351485213369852481526447852838278194585848547223281557164288571665244899936925823264584637958528248478727895328263243893626765485491878842552991965596632868511964517436976963386235957672599758556696292598285322726556932123572662488486531417362189412892846879491683561927858524176455927725928253424761832261635599453988151434328265378728832334982825861392682514891629864968317352328347776712132482599815364688225364531822316472982341228828656396374274459995465241359632
265311269737765252879393456158554829322481919389381949546428251434712673761659162121584599149821369857424877387734889996316264543288344593892826194372142782625579277729292333495945177158398865954528333346415983482816828197326233925773612221514363937449643119897911531213241778395858736578481163567826484868298375256137848547154818752924658473175639617938314191867832216282967355777387594258248911434924827361912429715851869936737328488553871295815348222513633885512188444674444244592898751492232248467485692434665
128317122364377282474557256584184282952599468928255598933382217871318794643653668225444725611128244592623197579274971855487585924782677426626258928884434313997778827638822282948739828288765527361282385784772797512236558256522819438367644214151884348369384862871416728743214567924975649825723354228179754424418612315831622159816383388615175412398623744634423111732311154427421735436728793159971433864888426514211527761962174616441985523973529546885517294823274941198233777117622985247989357298634527444241429218392
124533257768786471284168973692842428264162242749552841547224867368628817593444112248954537792442223662245358117916369546515698859125139783654952745237222264194515848978246561622799391458182667677484352511937476291693338679889932878829525917299839343265954937972936742753297926443146722819661796211813516889472678674448554748914948482519371798759731647432267962449431865862117646159217739452828334633128247229461598124574892153984921727673152146612267858428289434473424345786171719116519113827911875289822274232224
575643364287963875212869813742226842424557246895269595442848583829833869322174296429953581457785125648162551314213866633417216859748288878484368778392473969213565425835916699522636836451867185492159358693449494994827842644942693865782638857473251981288877953871793127414212176116851565369418728259559892312864382428358682381953825262562821168836365698238995421567128421967936967567269263633165674472812875185935768375923172978852885131964383668296953428284818443185956615596649638154486933847543927883811241675874
862863992214967788118333161621883585852562635373838648221517745467817516659782723784846737573153535983359777818914224254323594886964267462698137354898583244433285421268234887462837923425865159228266711116722338857453528822835324969459463246765733885597457761996655555586199556773563128669797422486592676594232728442182536618485281234115675622963868228282278747648528423647922137676833944631488691344523248447841386777656453527382178934174225958138149328388885719848847587355962223494714468516817998817228249343111
593439628257785224512819373743824121212232884225513378222561118924126487559212453434133652758878155521667427451972822247243184324282726631246164249777242171418377712352597117586814432871455693844234726199218247794353121917229754144531737227364221584282141462438939688533885186499586796959524511864458523831212117477746383227479888262759822347242821223155245812876683634416229755588655868576736458268415994357791757556811152487372589727552823231171469917183341976566235563367119591346539919228889256262226427216911
483762982483631822883361628487246624242488458261767712844531281295195686882813337812419241464214732787924287859662729811973278582519667252424865738782812766597338346172799435259613746592711286258962251355252249122871624635585549348538282485122485877822928677871385687981342229782712182964654578273122487864898555285177911997384928259416434821822185375588252242826414999964991554128211857982878316467789549122893139395223846228778249814228249498718875615825435522285183742164871533996856373482143684145787263848734
157474711752876598453441695719172366385877659393156278517574561635515469256663928815817578834311386142987367595837966533958759915925838149991884128682259573653897633949983267219199181661582824785125934352484559538131321238739776651282485122469969711755336611939721713178628846815377128245117818522781261811414238322335865253475142419739162651241117492242992796995576928211514274692518964373824853187751369665925671975882528841183455894158485111952228848151115241528646143182596915375171918859521812676928212958333
159781928236549252219862722211798636432827774619595967921834444931812282696368625822134189489456284628277415413869649131759258975743857882254857181829486652621165934989612842118669211788365582795856323466888259134969667334133128282485122469685599717441166944844877338341323276712294742228619563447964662244912851532819683636554339447735997788685962251284775882464162123744966743364828153914222569455312369583836221688446726281428459996422153122569474845778977963844188176122199342432254337772868523154161128273796
784113351278828243859862421762258463969263412572398263687174535311852455944797139218949932912544423228486376382241155912256178424462835373434832968217621171521546946814415276415289446975227822862225365642842824863482186331612471283778448449661144717995586964221584282933258819653666485158244871663265861112948794219211743965884949121146138318659764161667937425847245287972965786436426148488517879258549282349224782639269726457328243115841194783572571258212162941289134245592462572252999777882122717129621575213939
367744377935542146259178681681869571266669161847916112732144186782428916248141392558579484158378112415928316641285151461154485844735154636964267266968669261399217595333928429228429547379976292592758562678522983345196894536842824851224858716554712963667178824447334858112125515739324674263813712357226567175715166284277255641421656631718321458647732422173488211224323671353457797628258294975561393785249485124262354835216424814794816939949982174955281524787638585282445269229641429433549117112584864245133184294293
938954161747467324168788526422355557966274964447631184731667524728263619243651285886828288224291727852239877575288783817397252439821894536645365678531389163993257589541724854584882552546288826687253738478853649116766335113282485122469685599717441166944844877382174788352295681831242682742258675482286961518441199152818383822281493377669594443119666736512795563513527576691938156793991975694283919636328248512249247515719599524429587697118246399356514521772617269149831342924484192415319694478248555921678447529587
937276238866737681738788951162257431952229634342752289284184412413969289686867265533868225442824125588784171958428784771221812198853749352725215678658741146993484247777422824851224673888812618458544836371521683512841141128248512246312891148513955585862264486634179941413619251952859871999817737599921442841933755336642717559974865832159813983371262989512951514342828834659952753281856894482799632689552266393644826222113823129283387655444146654168319485631529888185827657927686969441686633148717663657475681238957
726948448785398772787683321665716426943282483761815872811362617414244779942464815847652655589932662677764194612922811382692269752521189333422838983684732914892248177963775161759466837656627713388469249157199227996849532824851224858716554712963667178824447334858115776852661567655957258769357221642579922576969584282952617128294281884248448124418977441375865879373274248346117994466541662464124662845674812285383251244136683243969854365314416462888116442678977569893995861462869466171577655149282485177259265168121
154469778722824485384653353346664592546852813279232824873962147489688644417268268125634244445911621911822754438967193578771241385316677783914895666791644421837422222945131397853471589477298424382965365489279979124745327492263918849994114739933323357736694726696343642215842826253632585296631714797761396969565534626439523623482385922948682896823675971915215467679523363344631479291264948389231753135239858465566482286794323266972845518635171291638188428235364221584271328432755811651285855563725751672568738232367
796851186792362171332422344546139143751925168869372554667447445535363153698959182866478882824817998294986572319669959212483834822674422573658544581167566143988382298254368918861123459133292733696861248489852875879246282485122488825999455222433766977966958566422411363866917988934539121281135774463446114763484539496962128438267912596655924858253421586695814555578183552822691138451647848261391528486359124699867858489993943496875522525669282254459154594692854584246166185228246836867271641162439982718586768953137
544694937133663756147524282267271921756119977254628248264659522738531996163532287799929569529657263126229248876547251984523576441527416836684258632618782438782628242483431732629361756157469449242842825695678827438127775595584469693643319931112298879391166335571179699642215842826671871187925755796795157542484813988577238699697131783699641529154182879282453668753875916249115568431916421434436397481252382179287723959613445862392883828819251122183614994344545882227778227669472524263815968772225388599191251541234
549399998495947252747386525546138553194442184939948825972352434667226279254349289811763567212185117699777614171844972658871798441794991629362824234827442166181296582289558154976172855628242446256793321362365444299282485122463436966274966377533233399374114999488193622947222866869937584399382116286754421932196564971292242149836577631117122289719728974925896995326751366219171985732776988772662282842514344729257755982355477582813878226444311599153355297374225485189936717282156459995372868455211171957992367711453
647454625495777879498437312126942428221581468425582821331187723876892154713279879587838787383168566762234321924987725576995832472462187168744282213774966136995836551284935647228244822642226736683382523466357964182824851224631289114851395558586226448663417994141361442584995448992128759691328279125143844431492832267139958357553366132344773438728416695991212353677953498516729447242822126856584199225766117684486624455288485457724898832448971898893546827668265645528931568622486946882858142111437517696244781551826
318668499191125469549935787136657224693664365392554428943477841831227862414788678248443383663274833936559581476415288263514731283941534329464224851144185859633654999565548635533674684485143313239797746725986842528248512248587782292867789924734173389387781174493662275512573381147154534942342486937812634938122648322729597511992284242539964763833219675254231748534286376172256911343642511862652612282826687324771954611447179955524249962625614423333848184768669644889174311648842641479165195282828463326218598832754
674292197797163797282222756547596142866784747844695861769816218273725812659999742227486554711377393669196661229228422511453424949921248915223691826436535885623656199828981867968246449763662119659813669462113948282485122488825999455222433766977966958566422411363866917988999993399388894646663951963833952988266397834981482779664152818975744898147266833228248423471464272242515689696822958855168658424249994355229949641183375215266128519911158284426838971146283795469912175675128319975493892535365295772171789116163
161538575648763386528431654557453588529629363626148477519616657736174258959411185137877633728951383338551774252582224826645249922628644399671722974358842922992527954814551451942436777282567559715161282515243134563299388717882111458536611677744777528866911122258655344766822669855611143586935692246584811784282375245153121421429756653687985474422168484288554788795322156699429774746251149954642563158844269523784845174367126627496637753326878211627827634913131999228341253623223411846436668837856726378992264252763
726182976815992532326366915195276712625591212777577148952535229896416824687884691386475729383354374299877682922877858428194322221816651685697638849543772285797928747941876921625861183741256344886182672812999564674339622322255522758955311217952188958928266441939455214774155219992921711146166764487815718917473486868227162812561394837851754458176737472836513992861512136159653876372487453121425883284437451253784411847531339282836611939711246742821726237513691342825654547684946756199426377321741225271564153638662
782747455648663775629596729537217944593324475463151961287147882486164114471848533635321183765338282485122469969711755356815248511656466253417826156667272939753626845796626447921951915498384817159411981812511556855339889552939447442585335559697229782599945522243376688483196311532291545729993728236138796446585259824647424589134634225413543992825673915759448728991825822621354314744175255486213556277144144333717482426246186324239628842262552118135556453662697641255127517365892763842578485379173842175592486614378
817697796674933118147516453271869815824981755382757466513971614242788542827316893581296214729112839671614795536825865194132828241685236773245263216432814845911347518636451494896442378847817756491156616322172451552225717995174118337521557222985516189642586214612122933474534167993264432762671361178335191778782529982353381493951196937983761442241622123549911165362488283388296524313245525844684915473155453328395629829532489438557942528588372336997566443325882645212267821273768846412487741231762449399868234245782
384828855772943448992523772716692887679175982179132485766865578829627347946452438897112824817248514413652229126487881666982136421849249473387274459627914493667336723193724498764194738531854163669961843571341787445912619661475563247715583368999756482482558241349413733549281935257725138156529253937423132696761857982155456451442829181524832669671791931915596913428234337655185345428348614155855422833184466715393835972197762964151982194916534855349474163346255755238567425278598854448587339241722733923621851758385
382248242392639794322622995633794346119461429879514315671264785135962114887432372987647988442773949538738328547644614775891859521225136966373155478841881468639745197899112362786536493434994694822114729614462852849368975241417929526844622368935755248251594699249869797855824735414498472526395114311823385774765688327287215536933376692878536165313216299354592261347739991995291889275514666757666487888484637415531348155448915462271642953248297271697171176674161254751391248478316511952256538727175997399955389556387
795584592311469399622855598342225549995288842215842827462536152236368982189139763255791248131371926188999981859126612667381413512288147399373838851214133736342627656995398923484664571514229512514698159668129415249915635228397521856328846334985786228241134637599413165485317761313497654128378323873428293518694673591371614169622548791135245556316671855743487345851487115584951248646822128217186279829244388884368173618322772716229664674151475597319152977266971688724141828895334637428254757953141544851794962791371
448122992415249968668238493353378299954445528848545842243879284727417495547945843782762825135365635212686396854754196338935212652224119779757392428225187199882594391735536857434258723155931528272916799651886228419965613152327594882455588398938699222589418641845446168243454344397128658726969272895356712126698496529661334858298528539144458382283425135579153557652421118379442825461977842869636266213774525285544721832115697494593411557543672368595939261669673888187144288366479116192969125273869669947918167537549
742951338328224411644767753344188647186852533568333822579614112476163547741417928155861221373718539885141331324685659456179895788782425639749128842496547382213887112581815655995239651961423962842693478288423667178824143684586847492174455945434836912128851285111713491289452645384728275443619458123815714761668316912324737582513724171162427158288215384211759877179476231637184822511852528565319433578112256964128388562852466928248532824851914595671565943494116346914276622476653699254249644512132667994616979339724
356296738614127799656877724664924917155862461258378251266587394582859256368241842846385483277286229442394663721882842215374753645429963738188751229676226512144654898814924742178533772459324195211661377279687189922384473611518242292794488644844211952316617833528268255189712375521526491144643699857558292889521152859744827114822382291663376992686831452827685482886222824835734514859654122198173311947776283614719996999648861165286613646674448862824361281944752789942411595284744665978829252216447477512513641829794
918472287272515516352266499632694418115763411528988484313922293228229942621848524113242881296328312494694384873348884855642299427949728228435251472129891852135551135655631924432724499525638556688841117326414284865593823489388269294894225675866261184646912636125664285525524775594616462143622268831982496156682227721224286858422624267338339665826936112289117394253858778225663423743185524175199959977789289931565523382839755333425514555374133188396925428774115756942478592214434661975225889355636939877946412214766
378343737158851179258918513625549468981526615256971866119255874842885467399221127767825249246251941594171264978532258423384598281288258735994895916515499424811848445842823773722829735281955117626369199915137734583464496258972826861545915318569865645942372294444236652854554843734696282836227996645969851779964475858788257717522786995539666166769964652496551668586855512295521495754746556176489929988781826934563511692883515389714466473987449484192169599918887131991737595631776821311412463373466336335459776138272
161459983282481913789483587232863862196324599251246985346451782584825728829651249963299161771194614171115258599258545286637518622261824538795667758987283286225522328248512248611587947856846327695131718145155964653616886951185269361414955614826224928412328245496796763451231517939232994333287316875716417245248747694585628161816277469829812899731492374692322344146768848429966566899667589796289339481678496665293171455581585933117832186257859252788538898615527171161497342824328748172858882457643746535254821745338
722877427728242382892553881674141545884117436421661542361778179952224214887146566643499152633891282485638682555912544454181214581139272354568992762286116699733465963763144611499512336226226111579258311442363432272492879721589577684331989982899647985416943317334953218246418344346397366346766351643974221425825297874571624665539192824259485877767849348381184451227164828689943313494566745164299888531822197285454241548514324897125541459428992824428439863673511844939641255842824223892488316827825729592418324154533
721174569922823122762662912884781267953567996999155285285855676612416315736996165925544473435556255971982128293617928442243252313977957849922727347725995596914846227457289446476118681321612764282843727449429495862112829116772884467343243172733741623452939544673836922448412171153637419733468914429744115641221993135212199365415567287383977871229311474284943529972832228768329317232179879467334222557859142575358838269242836296669883393426528244856435552379332274377618851119774136142824396411424225221699721215854
384288756111229199272277283312698553119832812638666728778523696673338825918456768522385375829315883511427782431523744613867241615867651826668572669952948839912387221111842875235598843363676643487817771678442686983184849557262125399936821571696773964583472548936873241598925153589433376539996158934188354489412677774672528359858589481779542991128344697591394252614892958786411475869162948135611482224694768343334867433584531541966171392176512481871532445257626171172872222235399448214658714639112558994769514889934
619777719651111515994373856297295921998989168333492318515753982824996892488264893635166272534728938354684125815332533929568489573239192359657218538326334562355645752444288282155739171122969536248364754881142735452449654321985198314931785585954433749891366282485578348992943163572544978242293425127752914776852432867264281433726988155561498468858849389298596563115461999187543811561158239694372266394734669327454297527754727581616861952423848856724238843565717143671927122137329966129493899362558569965634247484399
672893484861587246818652525311163544322595797486463734228592957443859859228525931329988662552824293472132661254291471412162833312757712341768327724122998228815567784444242472938251931445556741993398675217482617462913224153612196397344328938123565423293132158428221632286942961145264525156241492917394331723669396441166366274459192861675238761469483392135837916381155921335543623118544232597767286113498349633157883568712787284355237299788912513455288451119136673521937124727236467983182581427482466567572958192442
753717956623171176368485844873626487715644711475481332824628582886142252152599842365331224946393683967615764284438277555145247585347391236998891666122886714371171166698896878239282911299931161114196614438646562567396931158396346995344354694673819485942933993741147382879172328818469925586674255687736618425282418513233371747542865547987558176199474873442352474741518743633675115624288112891835983346626153323371157262161783419323849892324622121489185492862285793831334246533892161883643721194289948384528126896122
554296786838677511638254454233649464855625681564712837784842825233535959284495182531228313148422622725626646281136417765458485999379953826848817785141573192197371438463433585873642131287413666771152999669222666293226259645556996431342531982381699168568136928222897638831935748227537929576351482897116271258787716137961378789568718248362324732529141977112497471194674351511741687982428446494615937741149352822391857859167213569823849952487322424689888599735996211927283833836999552988448738132829228192662522298982
252299679387921939782215855933341991186718847917883522464224634549547564248882389894294297636151587919252243191617116626284221552614225844411673997392893885337692734777498142618624634781441123944314422225588772826359671334891514411226831538789361163997526632474295753436691774367511469722914993633458655941762936229292482268717372825571144631729322548848714984671762535751772534752852181497131998394664666835137861875114476597774276113782439631983574253354136492927893831236283836761929887824225461958924841577439
217496883685423395232248829953648241118856394428295882298163663856745134628242162744514415116684881413129897754311537583878825214893541226144685944291429157221789564414114212747384966922364488363447351196333161251613294382547235412333439632479979478329132743849494228753644761868214877222119254514919229947481263835428495791428685221736781741689558261825293882189758978522268556631515239466462581829852536928811769415782211194185463179197716114315111233474118228734833572299817176752167932258881169761634363787596
687392641289237941878576218875116495466148341562492848264567296949714239618717346832371883696822423389881251877914855437968499936284664226383595853913382167571774672818347258737928593366462161366449914196433125482356639789475335213954938672413483864454135496522822494135314167532851541222829734738193476273691148488619499769127728421167598425563687341221987674382652722537296999324845941183375991484656171153851639641355946487625834994253755429675975833173675586363978168194146127643169931414863957673628211467694
684454726713455264651576799745145418613433787464851224184894735797859278942455314638251655435538282414988482217943343258748251145359831861778148187583425863766712311281153424878428591985485766367168396963733828642665872343753346822276962816471485166997167764161873797134673194742834487689837438548894328719493121824871224619759955568596977925853663418724677136471151581632824772274728972632962991183293239469452387344346697574664694787766152189379962464182319979934199169137273354124259995822837163896147895214145
257396681124729679869375474569775524198763636265412261559434526183326661696327333278478111861888567663992859774894734745672513561749342544918115622113635423551248549777522682941427751858548124483397863353885414929341317751445366299176561146811458153965188362239173368734129168717432594656491449638291114813234755681341949281779725761276958222859641811422784527662568988194127141581262813858849998384611539315116443377859883667459561295395841797644928269112474716835269197178662555315638897196678695735468932963345
578545366855285428286181913431166138311372527674437891856289674227446127799449273359133269561113537975921568774849628246552779373625368825894745298882796488271134846915959996921786756413591184659527939929382762476332555116911436128133433131828282457188371895173432945635237718732693894323924489988498924811377814696854977768586174447439922457769143321193165336185125699538544612166143453878865515242941966414786473623584185111643545826973911111957822636165688174328239397148796344797729282481437342215119157413978
574289699352578227649528476487845516899569665712295217496877273575492189672348599591252786697411125222299169289295655476415585461728169552468614739526249624851796312547581829711755336119597159639297932522322298236364835763434496928166486273422488859551752838584678348962236717218363111954913252114722282567627332444558132482948262333434585857933298412266239636499661196176115483134615413761758828222258227744421729699847118692815924475478933114258864448863753242325896319112172436914642864495544258516933551295166
574166913314822519133519341191473865899169547973258368291259369768461881277349655969877681618345513148648239275472182483427435111668271585975286885554558242828269993793279628852824858298451485783331457995352992163324891954373429927163694449499944413932898636914293522762286454412332661424916881413791322182977462287565142158224627551542581244298831142633691993445815943893299595814999211661288722621846147743835681699697636364753968575945664143247944241576722842268828656218268824218578666178994365371641435624556
472998553377224874935282433246628247337795524491256612171162197414545679624716977844925122947641616738942444477723728252746364358634651547726642229972498962842229857813714279428828242222414152584597327935787998198824759984895996669194392728482973196876877728588169288631395324778671636441416851175267642978623421521911712587293993169832284298828419992893312173222545568281886477484842847956911713115245238142882984122293358714282485122489611586464349695884282311781997886948462282293474137765394318598161235779128
111682541226117994627725871415586961319764288579871141744378456814662642828117179796948294989655884499244734419337852211975294438834624995376322184239441186385146566721663617275324685141821662134585929239437996515524698323482894763227922295582914926179659932133828248368635456198651116776118777239457142774732457847973178247832751987465231497168585872643896767221189135882461976282584847121441844458498721172752926725254885977577633311713987856663331825694847715167995799398834425118824412239614171115828434251946
311266398231111733278851258486571742239614822183894621731393581942582865252514491337824221697689621393931713852224984295121939772516328393649482522943643915338372118345469762148818832863992969116687268123576166515223774839483514749182211995472994982449692235827731415545972179892626599176114186283967316999894554179189239496967316521399724795139676883264568164955811899546351468422151572622466154484876914117477785525597381436215887284115337218971159352895111768454312485294568848271626159419984585813289336954873
352312143265481418892284244315998822848254842433741437368442567773515858425341457716258823134814384455885427313816811325125988963313995153696324866114453681498461739931645497117246432618852319517747288483511455972573654257848118893156645681496954124479979995134254291641894913867117864119424752323186262361713424119555232198879225948559976855543248262767717792651969696676994595842522215338286892842322725715477125318931915696272681427577677134716899782414334864939282288198191514642227249464764851426426498779674
355635147365138264585928654269124251357845985837968843793434394584285812282117336334987776658416363186335614333911251445368542255156198442333993719591433554991484115714839549793734997923516733939221821622841359674584443611222875143676618476136866488375779618199813232649295816274761484851726666914214883722953557896285689327725395828336225328322999795464331871449467785516358948728846499749397825528938523778678179995942211765616727852161791794919558426985714892388324335145222938237858944231166653184858784127923
548128967626521357915852826184982483173294994534133314655294116242165932496416195911131974671267955462799114231426248569498839861716599871554261724738285561752952147348537532546557715912442164334174677221389784283433279585953915953619624276294924715694145762139673922629888873348565118754382615616959796498265474493145695784246294234285476488229275172171316571299952826999532849162443131441311125982479736755923321538439754755616746215196897156936215289451788448777378326584212994169788988514432259192218223238426
512362212253594926568136192659877862551298228775116138382225791751425333692223569346868734741128994822869428675818731817915449862315828679182122216277768216577828761235659123667774532925489952376513284535265147881797355239863922533326322265519388629527831163149371584269535246343336414781952322344771658973233593395128334542328158463122712684479853914799616898284282883921617226755218231451993447929923325323343124695893736912391546248976533652994288367683382452448115326785476116198483762218639467557491315589789
541384258258231775497187728236897492932488887189336629825144365647693363827215429359655292427885819743284376153487586333515496279969412254623561451682885942744151758519968233228582664761927148224867578728531518394532464559929746565311428186213844926526864447113992588898532349636956284839976642311449548183113671279225283219725612296746672486985814395886344566152825144357621255554869158236318279933797641953676489631522737177295143583266791652263378433234575891921141254418648537149232468852482316711318639425323
383758824545727576567858851597735724377339986297859762848964555484142432884258438654757222164158461721433985179238152821513313853444183243493212787954248224837628128528325611455662511741249846155759157285287198617629354167113426757559392529563378649122298591289812785118532942166528488339318971378473161745499492112818879484314372669911126284321432531286822966596948229932774544314234151666343515266877361119319374937842597762822176873833564686262276343775497299331732552994955244398154665748475517351756652268953
782847165772742485875431467327563879912579398251547374448653136184165815271114222134852223542829274861237282896693847296668825315664292539278565788888527279883162757273223655447134358377639538499343826145388263629196624434735293717477663896563328985962978532998842858289446912775675487931325221416512562877738263518956272518646365265213427287311866173599999339938889322878357943148318517613369464125614985119686677349642236858243839612553555458274584817322727972753472822932646165551258757743396114496845668342186
729632823237128259749132543476242834144764158363226582695423416353988382937682828244911154911662515291112829277462229554277519418613273562773544193613127831459133476488282324436175217218423172956561766329682566686695496753629362715517424421233452256664435799996449257823776814785658267834318198412845828639642677947684388352572135183846985151853658969174425398824133173375826754363343184113965183597253693166986685664627197857343532557166619424438554457277342138525444394662842789586637183597323437129529728878125
358351288216269216185257512879289348981937573478359121695662191952655113565266252428933398281233256721154246754863616982281255112179697776732424712459813994919315872316425388436294511693678637312777427139489563886691486474972788683514124221735632286368432689763646737893779266388984113337215766412791549666385165275412811371522521666368248513696579185278863612242928972356971692964419584315691837297988163393221253764565171269943841744164449924193812589191963935452928931821598258442513237428928782816261513774242
667199144484448299166263842572879713371462553117587441797126637228239278564265964826183642825245689882958222469564818525126477771416448228226238628986927285987282872719862484533884876866742627827986714974937694688683441949432742323379415885757636178628986683523674598243623759319379748396395446257455268923421229939555217449366645868432824223277311235317472211583311281699824179678944521935441789468425511569231123836165799963926318834868774524135633561316855872881395591625566822274769215821147411464814583465446
664495775364825465768442824882672473877462128156829347143171825958779893793344668519695515348965834772695111545525436648562156695735775928676811388516395938349472644362598258936166865833966657414584426848673826719855851985329991921286998274157241371695396874526233832244381627686659482769375525981965911476425548362972765842825727694734287486592653681645437443127162121864258738882986556857583717615534634866434492516743315769827891492228453826663643661382461848245698443698911251532728778825785268842824454742238
468792876685221335872434992885252881553391744111563837748879718688247619632963372765939484766917874664956689588775689382414165767311592224857168271114754886416485663432662215954995562843121166227744633671911325641977351445264656984799994277674947381939363974786763642884911639523755251166579521926359659131671895574583239628212225467541327858672185973274133586425153171212214185299762823521594425419474527772669736719615216341229272218882823582588624778871185356215687486844944483918472778248943484726696225557645
631696633844426683799755471799558696422158428216833756833373132742586893981268389465525316519717299863316949258314377486351923872534388282214315461353194465118221966466211244934645225949683593233952697135552293641674656583589384726155693881615381422363915615996764439166577929584832557439743611714846471785651929837727758651763462765637196479935335284631836451397286683599248336561162553551557388615444911348919863552147858514813564933215263624859621793927172936151277383272717369995387422292894676482223446575349
936447332825811847384931584975855163914771435241862581487123185622146275889748986281282173543539283812891656927123859624749561232272777724288725298699892948192423659854778985234211253368384916169252644112115661663611379513651196827442423253215911824332195819997413432192576329487532984362711157194119488148639297211359724648873351853536957831928827641243346692836547786415931847566436882127778628694173674628777591536157964764662423834445831685591727224148356353582278238228268955137476257439226265124144386126137
291313555288397529913317738679569494121738768749887529337314983573316794387355564119489194372159542174354741375276963126833295328855944858743534858932685821298634234454582692877415333228567392894883277812828571742896388187872575577446622383573559897367797426237223858542586632221736657792345781632989953915993345943161124884956542414666559569152483483165828482326845141628144668466499282659677541578782884367979443633219949669897515423222293125167954994191626639848762246639752999847553614979747438168563868237577
316993448424915535634251797669647696664558453143756681735389894626822521834661522636152388453138284592398467829623464377724852422624757716639474238798129169328972711294761371367818413699418598518881277734122462745996953247774271725525115645592227822337719784164228126816414162545558658411698842687551233518751442918264454368834488222932147348284856457717252728437833332382141196828258425666824388979521744768936349497314922353443388174991588945269663711584412492421582746562174327247192322696864725267715926252474
911647455122724725757677414764867179441639466735381728322942738744584794868965115642241625768818828296526279763682329677652812867731627293564751432288436476381237754738925494175115418795447295548391871994435265546676141378559923745862778229968717189367713845169516487217115432535525998253694522661417946445653559233331513175684311247222115642248547544217838298252429263455756243887485122589829959327521622752931313768327656777785776455211847989298363716223932928284529529439642451174174398436212556687942462589838
345148291528822123954121351656693173386437174426218856942481325314866297456218248985622934397295882949867695683124678412228251835142895984754364866539431687585718844196243876553753618112954844555482218987751548281928931684888127256639924229899833166865719125463526357941875737232658443953991886499666229459291591721539665455962652824848863291324769219586317799378368242672958431729738288689265619439228125971268948438298228427898816979449351253478189652515281442247125881227318468747524585453515588269569835323362
478227992842888639547533414253592214357838715821746851399824865676487469325112823354146318546748428286852687436488442586982482882434532924613183523639532567289138262548869479162972558752959347584458312833424558881988741934329762355394955811295823674548846128357853248177844154851413145994491426499123577465184645624842636171723982282899427536276975436854214625613869961534491828185692974986775925584166782145258278871468225127562664836496217211879152589528788269369933557872513399199782941393235494624266357146665
474485762488926778931839676869578214227578625585346419784248233285471719227824633484794432633497222413357484854525298222199995478173449535288737126339757956594297672774821882127237942281354427988218547339284658966992717366374616682964772259365763972534566586322634279178547928461783192868739223923182916559139713956928269916491154311745465543116882874181123511857243395729836572291669984694453925951274729412254834255145585621565795954584669525899512262876395554188548839215988147599672411999916937185373185613988
711112318554287775467882779876282694565842696842147583768225856896725535947122838874235125585211615817728992215841262514612237181162151194555248222399699988911273576129938132196941249492187556335995567324213641928693117727515747316954235283542192982164839316652291739588497965563487792798238288526432878429867621995272821538819594479125785337762664249984433587471228576746734717748544382132689241382253549646749947822456768866627715993397842728869928232674555828963222168856998428568761789547662164834322481421962
177266364735225495212614761715723692161144361728474715285178623489616446118525552259382241334618554718785633233577364886953394841427858244659825282699679528452614148529453684961169178525182122758111564371449777388474646422857815144117817145526762491724377619719291232118861998593871792758622125788276515282762296738242241552635775212923736584974332282349733741821152512816451229672488734132399485869323789571429171215186565879124416362447528644269986632244755244999196638633233986699557421586375284931617922794395
742487369637118556978915971793933511839277752117955266922875121919354439424271451989243618294488513889677516114471799554916395556822638928696221425895974528214963294245257436468568954498879577139253748273375271993737232548199373347446291828426499195742141489711285234413868691356231628661631536478211822488435437899651185988395483616994414142185843152699399786149584711932815849518714446531445151429921157271857135263775595848187713959412128661579275358238253951134787499999933978993172823551226562295473761674681
272332824164213849366479412334341314393626285934747193628215314343821986282474498556349621188234493278746446663728246546216578256681819621124729666588642542281189552888826929291742559952699724691763182747889569373416572783445967919455522242711859128443115173644135997713328933954861344861963896325611428267473369315914869669965382887979722228691356966274966316513153418343732468546618816435424581928698717349553521163981529186167624641223522431933325692261962886145993554851224991913215846825841531379792259198171
392358985472529946693674137149511967245668991263942691384498619373448448525295941623695915476297564598236138738642229898982292196851286746282485189185632285168237537334224426971175484757998552676476688855142121871195368865889948887631622685757899644243846114692162113283578933381227311286626491477648732333781281873325765892323489545933789114774617285966522599988984999944848296231535495788281572864198723142829927533481584199761123645618748319933926266135445221851999882827347678265842214542487485956932788935771
639789145859196133498544373551595714811998433334338861365611699176468936282994258982446282485978715343849812721585186891741765859412876743539853152296738375269943213128231228622284832916739338882452632283659232194193745576965227177963588643387428482534673265395917414553875963841297471919394299762777216292143672276398785558825899244925128244511715594275957419824787344964251533185798244184926211344412721162188999855465274897176624666969355328949843878128238861247116194128534972991215852848258733939422251519842
135672667466616894223847725639966751655465265894842531872342844939332266328239536191422554999521963185666478651999559739924591558224257735339748462876829321765543126942494278941426617956836557687232883589369317816942398824336626916199417193342416425239673295945557831819272684948165787219492829719293767926532263235758326968526822825481757131528917886822137182328476428889488266721819953382828464645166847937343526125369919615445351556565428125429839815792112475217813137582844478637282482613692193687881473229472
512635282597455464383164718764748928248133616282459391451724245879663844337591176482329612248588846696395978937797584653962683812427891512668726478714723844122371773339881597965876911986358416728378328977334692842643781745745859589398128972825413128346662298315589527358417477377562126224392227294795917816346399434344685982962784885185992747451958114657954124519669971198619124866738428271228752289766981137359926977769749965348682576852734885223862816777818448414585139877458495957876541263853767852825867178879
513145842822199885174374689247817634369656464854582245716288559845519194331664333551843652884148142823434352828471371768974586338692435582392727876292678816141297587943861592779366734451373267246657562215375484282996419693465487312483324576225574324345632366318914553358415847717845293841621756125855438693656968797134716437151773522889777528285583394681698585393893547167448721619128892117669755169153936764353932358725729137335512961459617526639364436668818674889144336595786653393635625239117871227248517516773
987187768292359156888179146241262429973696395828243644948415299377446162351737898985813784282226874822332284381153524316486748548583377958866496995262357418421941847542726825413835166199535761137575517258583952485448839442281146327821185274152468625413966226468547263268342822913145961771455651822333663646297336591645589124519113122847463841524547472743514684164231256293881438657465659153261348464189316239715469191177574531563577873489273783557279538565143912426532544999621982877947988619845724873877862429223
869999734852891883347419411856532283376273827242223681715228823211678745853956182852841578521777975514614129218216842674721846875843729225164449175464911699188636946167113293284551818449576752824663478424239612288527143317496812688686667721511468778511532588522246518786868632977998363726278647476229275642868396197244967255442615324885458422844951297542827174748728175494652817384453187177235678238153458618374617774746998271435433474964121824126739639113625348858525336348197767857444324444194744299464193974388
861252482218888795649366635796421523356736159285146229226484789113682943346137819138381653397224972527468823344584583755952863697668972827138492776381795367772183215458889644977264474142784999539461915882426361422326124262736728752233668285546777369575515929885618514485869139417378286894234498882837185391168298197247518668342126333663644426918253855784882534248169885432759144517479517892644312145596455715342838647229847648852883439717229151369766644858755362554622332167557128911612582412284591194477132258645
232674724277929133342448173447382842339436947417419154499453367928759222537421888325564269663295218913646491468534854485851855754837454183831899623631654126824492224663733143885331114362147781657233329636362695836534951965729483717211254395486767171199392526915638243672459131811213224564192899269117178597396332248435522413685172886964221584282372152252228138646565756888623236889873646922452429742844792758444244322335796332112878369276618865886569232828115785444855982644557974261643326848326898921948614738135
877355578586154259518244434854439696431575385558526132968535793979161298288782865742337332656646268755439393696533844684422866134423428226642467519263232838495986156926739193878434976665185741255494482824321792244683843633622725256422466326385871724788263552798662849625953621829658226841578182648829984851227372312243377922885464142824851224691437215244142346614335152182198824262886183988412899441244466615232887851764982817835746473121464951729334764153561188449866881798984886425479136991456192596644632357398
547645499681676277528262438119186776884369342512118228724334962246118865478692258499653477857267429925973159639978987257282456989796348516642272311881111356741172883676529497872776882167711223515625782158686556569579636923388822657715892634624987939719164499796494874559358556169688726423882419324246643284264542942522482371459918733128248512234948886258586419549618899423117736995285151922385864117663169829833857687737342538992384692923284367824423332281551544582768887628791923572691541794262529278833917134827
386783139657389373842285957687244393435548912225793242126344582494866961367282884875941197194291296721372184965596612549648437554766642828157341686251445966456139244349333798734593632416938368213982376265948437762192424233929428623321447285187343393353369184719597558232232282667952524226482345218229885882469717275988254927621241913983868487722474416634466268788114486826889797198288667734391331361666386788824718226763563872469399273411166852886624599341887822911225644958538842271452752983679184449794179762217
497358814575151411518645299879783345467339545575148284116387935154262822995224772232299462893981325638491124647643499192539338227372722241629878523139885816956759492263918846246776356476631798629694836299959993235112124799159221685354792114855129945411835174252232598215886835913782559217296247245169973223696714175982218538288862533872178619873987327646988673677995226594868666992824779958399266717868426734174122696634153524449443131797394281381578248725278852999474997788946522199941195668423929167132173245515
496421543322276344225996627937793453628714228294662158753241974389291148639978512898784463289972251832827251337311771168823214974376491585983711156551574915348957128844812214199627658214922949527691575748625488135858592173882825869825729882514198731739392758844873291315286691753158373153899885191796931164366349194984267588422171136216479838684891456727251192148447268139826641344222365792988226995835416743374729177136649517141784552786237337341543888481978451961812639886313482536965611649993358253386732927913
846521672964921916358533778137216153996425158419594928586824364269488248383525854616161839224868583853476282167512299148959591198121966376765354936182298952637383684381394842341912885523984361742422855242887792692424256144944282429468783812216294584312776775227169353412141452929559558586293339586293778211962992112442786565182314752521613799282211289237831334125292899263534962138511815826664562995288479284482649959581714982158755584327825599376876784121742825224559823815248584889796121659162128897142475973533
258292839442834948154423252712731193266399348511696122544287227367522825499588865979349866172823151337996942985518235163488836435736727591274141794922866923625498619136888426565236915883623641449833595932711555728282826811998512282754535534762573143133364124117965226462143478921125254849296964796484153626282192111774979955224695645439594532824861651779621569446251724294393514861525257843246246155413691889689689944455283214817479816562878139473969888146443998849425716221335948891872861484363682492891431182165
227244717369249588258551312117418237854375822197998883324424375588213221976787227645584233645241653724973823924227425487468892399938118544259224459322672825628286277257846376896824215451446928864763712148279224282485122469969711755336653774967473528878522122367996392533246381474795851422541637686121733148386796129121884184328691773828426821584284481484227486193686927494696489627188885478838695373413929398229353344611884854584221584266143199253633636282339834747323839284773886259347842289771384298742864492946
438811229924632452899769232852647563261858242283715984384851233442196423456366455938997448675685513417456881824982869585141351183983337293752183644253315285123511133314388929963248249918285123894222631647847122824851224692742118665969557936491561695866611837831292858988874281876498753288878495638339198358384243216152394282872935565976366982828821624255579413813396745897487846812412296378336496173454952778541687288915113883586663446825213878889767588696692282343824758417338438726367282345517651242979491174226
693475146559376528939248858778271554559517563192846378422282814236817257599298282824778715117171263692199721215636998232677683592387756833932523719169328484824668896343634661324855183918282336499838238931933485855593158411982136422158428223349391312413965671237675519915866226355839722828572464574281667366857589272756366618969236224457985433248551766396282144856859731572134791215328589837188881165714333694811971394814136436891744763263852316889213142591712225364578461864784547838434888292144822553572957547887
991888429582931842112825451222294234737936649393944471616927749576946871643898424228829765358885258335872921618251966666636385825345995922574845518432924854563998263333155266289261951512148947927931313694133282485122469685599717441166944844939112918543342617479919659511585766393873992237989483172427561717981481856719822117292334128957887867945412359445919499726526661813132578792842142841368876956316715522617213922218592411494169569972817973599579223899112833633353515727257524855482288229866958521797187162878
293765286859532485151221284842841415324641762789811199225184116616951351924998228414296594866248484612721327711371817751355696594313147691956996974366392824889928262367727766386591694476521199279721573166317784484496611447179955869642215842825893973924464222727222641822339399619147976589991582335858536824995663276972193696673364588922151992371187449812679496946282722713875323419512428226875518126348581157781165798236552844421165243682914265295247989668479833631847648328981757256942142231653878547352285199125
989824633157356221484122282529368889221374312123983449726629448949675546272588215858369616169844733661227994641212998154397345439185762618266282452786239818696542723342686119677417138916832978535633553981528248512246343696627496637753323339937417791949577498752183311299339674943528971699733466633215429858784364995529959788898343248928243666441196875644411113228694393128649231613722854584326621774288884416832752762514586614516168236718234775823839329984258956949583528236181263715971588178572979332439595419623
986128298476945975458763127882498349825183259521965454272756826548693895578594599512437667326841287329534185652999926171935533144474598673792855515734186866747356677528687645681718572943493651224768931333282485122485458488255444599928733533336636151241175912796718859668398453331599455636265565466248714289276641771223932821842643822522432847832166196646374511444448339655312214891944692826312233842282496794262453554822853642949515936115497775886842782629975313222391964228664629216763553115454699485828231882828
125813191631837289715859587761498912248228987357892811679255999362992572394376199452467975454813581442995188628175349867195472459941457437539347293951856629499989547322282493239653471419219957858756556564224665859669779667334222554999528884221584282546252759163225937316153451268876994753886875192433744877717662632598414277137744673345528142252867666386939931295455462572874812782788127219693187528922899192736632823997824195913876912118825465852669526179615168935582935515319188978615492783922224715992512217462
565556819496468382423926828714736647119827993833847695734783854394872662512781975652224337614327911587795676359725748297669975452954782417696349451517146155934412496615842827139844212163812792824717558369364331993111229887939116633557117969964221584282569127589631594755258736555661536997163851929542826474518664379657358588515296827441934987684394336443932361899251251577419274492422824255959534298589643841271444371985872798422216188736115198317699586972955386743393631748376477998166221819519669285574824969967
237318315174128491937281499463357413321258238811568524738289846773512825291482867145282496791726243824956693885544956298979994418695246623957196323397822197866128911485139555255974642396269494822246915446969364331993111229887939116633557117969964221584282596467445114193343417421851176131976941512582696832664228492454214822373446867464244367691353322233896869292882251474116497876954467118668486692132829956982851224882445566396517655192741437374119836123623256824979971827475793248674822733596363698696429922242
671471657589449555581224225536599344469473255916869368272292813423655336136435694124627367515813487129311339274912996418717777811192883345791723185484251217926328289899662258293441216344271774516929295286696638839921175278886662846985578229984497712299912257465513516934814357968292938229781482425812296425132215441249922292435949477591617255662335863344886427828242261721741346763914991628376639125261183457324424682628812853972225526236964439697425363383811481815368784298875362825459953928269621998282492868672
155355236448587567995841854714579593269464528282583791978248182573379682775979495875959841984922899965827394837119268862118716543622371481352146524158482586764152429447386681975331518434621186857637524487652822865546649928852528815533917441151741183375215572355727111576764634782884761284991425198348866327348258288618776899238111757411844397528758775171939433282484581195345137798514962589227436543552143451488228428315928468255827969889978118365369496289877831345787646522187587121725612592825698641294599993816
151888941392456464129287292916571279415185864324758142372825591536919424393111711117264519636421317829228514271226145263535782724925349391762924987545842937492284852411444766972487373519949161737124598756839948242899966663635817775897473316363667781113951142663638629223872834594781523111571748296466782119332424263993682155827944646144626269999556324791931457824858521231341585394282679526665397782991162493556815181422542242824216379171977582823278865834114282485341665314195211228155879817246932337329192353847
138891582215412188629111834775519691269218553648584462185221523918316258791353947349331395967828618957145514424828155149698182777279644739115362299674282655616448311546618829728249198229315899151131857141349965185226673823614447196129978338864448232839438255889443359616171959155811998327586964262813612735869851826673869569899417667427678445513496126996937637588548422981811916415855589513573873335495173362783238645293591584858968681163324315752398559959521289114842584352564996247267525722886361148166547949754
649642127745653198756618119876635117951946676922144869188423162374979214647446963613438297991282442918898762883325454191363924716371184459565555383263244528148152314912368421761282418948727711211463711982355742221484378522544949999881872333291517532839542632887771133686893523353322771846642825762385119322276627498612328293717828427356255414862748528656999338245158992619899682498228954942373562858584389497975327819933717458218946224142827669216999917395863285858536162619694286963517836377258336221612725195555
641563858537795784485852275128283586393137372662714842521963144923845278848554821421161656338422287948264168527765383735361398278611485485491862697799417573174381524933493211925869668828943274974636464997134393842823695547794996223593442679361543272817189672668766877851837622268911443638743143996463316538343528218754852481262134474238828916962825842859298635821282968312866571162419395131535122334244669854722818411232656584297323658628213776155574339141441522453185694869744223261663742329411368344242513775556
589562414861276336951237478319182898487144674194256374188555371798357939921938488221844468458851156853852132144782369792261348378238426823766964824153147474961365558163788616345282496395147339594193624194463134262583913557735193223196486379351729263693654572796226938396387463663841358229656785994416834186633181748135731256358747284584312343128377844844898638422245955658637112695831191569134314382284292987364583827165759725528874583986217582294174179882122848259635974477334714712698454148821335564372862486839
889958222722947916617387888614125353259137696251582127267295118165872558636898892485199164636559372934332739282858669886268945976331746843156314251469846595269476724459555795529422261328672129947632956439157327834186315889893398957397283141822727662298317349491189994483377686183256576636343695922515761384396993329329557457836722485224624676586282226335967118882636227635576956671261565513839339124185379825531193299763535365988742637184664949476985816427459283822241356542355322185322592124522369211337224922262
884994556114956268286132868458842992896731151682582749313128536148429711541336411485485334849428744272541952259458792664338398999994885887691637482299625778368324954837313934228851744957479559866282456415744829446256415598673321464397593136885795795278822319941759323474714389237852624163819743624133324741961767841276269899243512485185128499941147399333233577366918661731273526162244835127469924688525928364773512146124198665954747818894854378943242717985868799223343985715162691648775928656144866922132313711164
769142282416635668132656122221584228295579478838482199279121616228659318233291542827683375682927337775715652419425739364331993111229887939116633557117974821232227589623574353466615562659727219631627575883929858339236722735664851453317237993867685789429126219271149323685141742832219259327728122247778116985652638139372757832824828228248363114224665859669779667334416952191354564887216839828472342191348741922773746941295652278557288437884489885996822164292359784269565953668785881466279958842267544274151643517394
312915224918982349445128662382941942463894639143349326935126129736781363596287275179489465397148539775868972828825696268567797721118814162571165558827792828256938636918329967241563638347287118765797899488926526869497989364363955158613366739265681987526546344251213298857557449987725119829651262813311915521457656837231731722586684771184443341772296376314461149962729511738856918973613593696596165882165918296656337169777728722625537649996281436936248554365122695915478382265245762637717395588232532216859393154365
672561518622341295778686978286955882263931169179428267868948526136981949555288182596894797463169847868144916527445659866585966977966733422255499952888422158428246821845643762459337815682289592522554124362486579696852813356919671388391829792262931857867169378612146258587861442555682948226398952498378852234582112279282485122463436966274966377533233399374114992812241598892881457482158652677751692796744784412159623567379281713749933285672359251669217456974441888682438461228226166781987155458419168256696918831483
294577911158968846123468328694885851169499919299933999321524249151391936847187216839385635378417686721322616847472326248829943973318527178869692288884775889928517416845895633286476115692915422158428217726335346469582866736916927617611831198543621246477136338319172977567261728828782228796395592289893512324628248512248545848825544459992873353333663644426918294212679672172687463856396351741584282694378743852742629849265547364158329241262311788429438662318624268568121117854182951775697584119826722485963773722419
979493379294972893278454371426236939148415729991228829873882869751922139647193975217164449175412215928498474766974974226355589915855535825816655538531191461436639356648833315262289392557729913638811148875382222267826293332819986712571692598872258748512143991923979939465221323972925148722317598199871599433847366728614488882466533555996222388436377425514299948585626374788457219979732973653841322665681764424871784554814282555953332811293717445139597355472282799467624818282584699178398828248514743333969413881812
978486526855552475327829499453812397795963798825848959383399368547762822867776463576439625571964258757152299738621384228911355339199782499577896888144182628322317269699985214799425317611455271877252133711785151221716554712963667178824447334858115776852661523334442991171226632823948225836337211744163322528874488242887973395219123236628312742118178282193136482185996944622723522894457652229995844121498947288587154169178224749283351977424912276178562615188428276568147795462855998212547887981172442769864867962354
851663728271624871161785548961293188357417678282449919342657683419826438272537942973961871367138824519234263842669388645558443557366254665525639336442289996171961228393414772852476668178881667332227885892242482871755336611939788922111399133463969644855955777682282677458639444282922266493333577455328955266177255262425373997539289861924349858715742734748429482484663314713773756247462723884986778822577625444281975864785158134849526699667643176688226447682136425331316592871415951373659569721282248823239295496527
625432555657282515759464114718125371633859912822557238155234121226241398462291245443368885856995282492491193239162475313519428228823443883392773557254585888227691113555395113961635222399333296422158426672828584249663775332333993741149994881936229472228668699475112392111112285712119774149999332362999257397889223566125176347234869632944356451265588787661623819649343347783769766668231955426922584295127997687741879373385489972687261937456243121748137216874288226737774425575221297758237753761251534594895621188927
624252258373546325462776761211867573649596624222217461633874898193474164159389628828392248744988726528946593262142515315243523482452441631414997143668446224443779399111181631363259173254131227421186682241222611717688266199466533866533841725677458799455422839522799677877566644855482841522166847911374374877411423253198785828797276822363554284232144386444325692739428993624891725772212523246792175779166862591454719856329537141574612414158414943787236333468522516611522442158869959373944124323485233761883311787616
317412668877528228633742441482484159595138158342684539992923944394631286121863454441345627439528164598882863992487879532721935451852852524771558333339663286863715392341225997619459223244391474493662275512573381147151144719335522219274746332592289987159943384736672861448888246653355599622238843637742551429969356143599722589787774811595552282462482513584456932439324943462184333858258159184122846788247588434746351519465365636522829595432185729136118995741124831641356472214239661732314437845248543461788247835156
751491534459522443258674728728255998312365267397176231952561671775635994769284282237345121523597113472476445268483945968818861572212282884266287929933886622661875265871538921796476289796691918448773882266397452795235166485288156889221626339559654649251282485128248996866822274922639188499941147399335449112343598449286625276885111212528522129614422639926763461115612985162152871672489349156624839715927275882856547552512479489338282214697728248512297262842854694445583378212669954827332975571822836839781189372987
424352772491315863726912662292213914681175269641197937877284785458488255444599928733586586184275919223846227867799785635878455373482424242899887956187769842678952821872898522499419532795973614485182424152777852232464966982596338993114828689341234162629627418224635122282428228228282871766369217455635242355849625495144889598188423732592361586776981799796784126822458351561239231688411482713486165912528722169837953633672597562442482614392782158633622253893561834884373312488986375957227494127222437744475749496547
164767456178584293822924297664253379234116477714624219682317245667886551581118774114967245153338533199915827627134787785451194868858638585155292927615651586358979521298495725489573715365763184282425894425595826859451964929832455212574948429533891366213931843894112894858851485482484899544455288485124235726874325515248836198748628713698765853869641179441237126528282384336872231895829876421173869691532817289918699887245923722282284733486229965842585882247748759556922554852336187189788639341778535241812521787864
914293715583333223742824391591697421212799696368196258497582228266328239978272556639651825116942459962633214778767747168345989533527112122221388747612655858422373557958785785694891112141733779825821365838738889299418655349685283223246561886249646453598843262721464511487162241251251512282829642214739838188628464449292338118278695979118728473581614695126367496998243216686233184345631969423874328376742827481448813896413685215551281245927263222528221482375893434446185828583371811193989333256794391249685364765566
917229248229273173782247383694383364372969663657679424941545152211243351257718434488766974127494238465613655745987447168948945244771658914848613748641515515126413457358571276894293725146516776221428811363398229177117722935988916782823879864984658122698675966257812686151355463246242242424242822855839339328438756432376112591574631959459324249541789418122898749568126517787958369424383184946783156135285122263465446597945243114999544123893436582122744559141311222842961342843137366311269495348797347822227387161489
644343825146249549851586268763951149934685781138519682565943684179944326686515837427163219893524136717981585898926446895632442889364454714545871141575259528796486781355974172519363365799726686425843113616296911474357188837768473344258695285782725696761742194891974413546955714363485888698585148288557956428731756472876762334584261652125652879744745756351641771594582797957318816451663491967756125848842881573594141368214355437676244923316731566328981299756635524149763385733755382991284134129178124172669817326926
129259861631116826887865628149732217451655229568517553637854222156983962815596657817645462819528746911758743964556758818222996488418738128558778744515286525993726381495971142685831364594153431654319668475869368431357795638261256878746376479289322399715273887238169725481455829696369778227122225444878528183283858848216467334457871424565678237163218762248263829662829717628386496282826777191489981665928247558799284812515477889869822715715844894642654678222691472642423661138187782213416715944114293328126395941323
186386388618986416784579653476169532423331946552598298372474575895848766196488764862194637121152195337156422962516542879855215575879169596134882215457319945919429376197318544628866379897848491484122169371882385717175785113577757969191323791217195475444714662659618256594362586366276682594214641222475281263356185849928332151158159144211462399359431699367216126372499671337559151529867934791346644165172287512184429544824948963914231576679769849284319929422425917121953582675151276943313154934465741232523459654869
332278164899863213624136821666476413831814339425753314222159444883237566583234427317674755976284795438152688232873842293627857332521955493695525933612415365463199371767915975926246239947315184886289692141774196177677362599454176495743276253235628681917268224355332696427437412267149272999418985282234291147322428489828345458195324154716667196985245131641373126941225881644568982841265921664626817995844726268455859248424152139538919345443162985888129396342282469279689912545785278267912377462147394864846827442549
534236655345666886734218955141256778967681617628629629526885786764992262492512478176647758524246968797982429471673818684733233454476948788671585236612416139166336861627648392173665896551918134889966996627483713983335312758945125788772844451628728224597967746356429959486943147644786649286556688721267752141479655788898746732696911153813937294822714527398896183315852287446839752463199714798522575979465777642341445288282251414274556664443953737885127933431527555128726614541948489939996955641221619662369978248877
236295454523159269482847236683431367666529917114865857411981568299414826747878763267117195757242821322183945775996222384763412193321653855847854855446586513454445723626789752679692784256938737213992562854444553913834798757436279124328981112182972895455163477148593332938573197958682376637726555165167954634243187147697839616752377343862251413621523695225893863398276611746586166282692225972317437597961966954652899635523145396826133961578452516821541776384845329718786926447624629683397957828238972266192752754142
389143681278191561349252863164958523993366128924815527148521955918617239472318728211369162841181642213828995358618556694514853586239937747424884611946378821184492425523682754617752284856575271528191533193146944716335227159171761656782847999961165428116629549857696232684341498576634475377822969958596987648216787721792849712145273336367356145255118812694996568394936531689967393264181785712954925792675368728682992929859237854678765792863221263152964485571922688451523549727922946933351584282817396646514464189495
867414314857765955454485191492271253288557452281599267282133619341366424887293662748761743244698475376267592414449127298424527414447991431773264772973671485353492315813912724983456884442513917585169973583796471157634239912249597184891962159555941145329912976954777523298888722959541473325994395714845633373159977885715849758372223198251921562977593452622546185512751534339463863727676558312689671635165999835844942938467258152549565192424278177192933875177533547861286572184918374973585524211851541226948284387794
866256688577195699511619867995769872188911481322285898824882444974863221758246922286614896144394416149758166672243957297121189586443915789887425988819141198696689365811258932653753191448448949436249398836283167359434289669865787448188259893143643644933213253488526159835385627648377993433324375172472731816619935859827274413569711595587346187546664688581832567148827637352691743744251661375946143611711481641426257784236133958382217164282331514794246117712896788698489169282652484121971987222831659383498913112794
791438353977272389576842548991144613933593638649687455112422271688811825748263441421534825295285451257785124138249954594822228568717263725671426992594112114146933394491257831617666541358898339412883455188944797496815884614387166988632781428843286614983448413116141716273958359849259241833237366968227787818319992739321244942269272844384471485359689499327464597412831762442624669677776843853926955352745744862429156789916877382361819397883224987696336298137878569925471639875487152569468992414264575154244237371151
281272669717672471437267477899247341824236331379867585951851848252682248877421365861476346249943797939799841732179125692337268996259877575546474995234114911446293394829214291417181543699895375448283984128643625149272819178829646588434828828362292356954498136277725546737628964517975634589933419732861897871897982294651119322497242544173371461954633362111424695292935722488417371539116563258283555917722667372612425647812678938728744282452645825949968775241615256948477635312243951773511139658312185682474672558224
524553511458738112288488469277841528251525569178628568893535253274958911515696775289476971289423765619221613789539878933967464516944532326864434224837347841468962891885825826771183441937592345582226922772965128924238586283697773422824222351349591153653772132261796543911286133337738791311379973766264739341821538513172114313947934454126656474252139836256444842562436593669588179715595128838427553679537349144257121373965327913614632553273984732552894347958968682544333485675223548714348627981625127636934186382526
113565821765731376495172482288522842482284236167728482682984574641254561569357565872545325885527968642536793253864276233937677556677171428363338877851592289265338891465488555747443941841432428993151258839669967799975444493693787894228697341129718632223217929669961823113451664362185315615741373969398779524581835993549117671991337442699356996358528949832433872863439799878288825478354921237157946512416235118284227175747786967819869176749797953357864791317982949555875398628187553957725282474541765858217415755736
453239286614194645247766369217455617858434497878351843883928656698557128628599175545186782482526695226692257558463613296839918899847355894574646633151269158563932267657115578821944647562431696993721838898229976224825717743394433298135317239328582672282887528844664294376354312247426767944761448969363584526252485398839814357792637543968425987394823671332343752213469736383568859132457895464538132812857594895642245114956524285688865299281183281324866741487436945556245455382527842371941533953219236427172119566694
129478424364178649654428248512248882599375843376482242564429241814564622528116883732871671966836311447589145827219169891899218487822259793984385334178586312818856551658695349621946493866429999979176854821121729416669788921921147285721747731822782155885289138859288557446562582614194949752585911385333681393315456954653532242456295466968854464315266613114333618749265998247444229971918218867559272258516922168821331524727182215925799486452822314622322415418384224689893472622867785982486926377971874221645645865557
662835228293985319556197466277642858132265666291282287893696348582492128248512246359316374221584282397443281152823164631841781362823631745363488453778244631478824859128592349657183473126436786228964682827714458266771713364953578971923638157352736385713533757419445378726595627752676328941842994978545651455317156237358235246183293437133948276354743135443432615449558868498982515448663114511749161824898894597581932681398824857911984518254865744221972173372652822414986982942481364427287356526846958825559788158574
512178715175953552387895175527322142229377839192825158967432637626248334639696448551385947692811762674583854411224424589573441311398576871542671173333542469913421333724212359595917178941497274822994792829549682477575712837953118512741431771991139741423458751778721949313446362571227536483696648978636622428687692633378892239222249362472317992828917718383515523331238515616624825647756422112836348561798783871828673841845314471264844347121139138243946196381418223791561121587228217781522389664243949348765429395678
515977165545871319689341134291482593422981867469248546418882159691139122936311968247577782963344573687367154824411954589279246226597742669796431593389692245821262749427149253295319223912897872722686751144852476218741359935773438552764421648239852788494498332566525934312967263528989587529795158941166484752427281616563638126556729852522726729193154835954862234361734519139334229957335282293377547728746564366566163874385912824918189251586366322283398528762228471844433167128856759142848263272699972792498589166718
579864128529565393829914465792324822391639277992884893668726896374329319796377942583978715926846893837546319253528952686467149926836387947914768794628821224551289115444371424883616839855317462359655682981113157567643681935119282994994458848119872927191398682541544111595934335258639516768274421988748454213722221476336638659816589227767282289657357566482768294397252256615172859874541384833238313141246668125551463367957915825938942852248197147227365581293565694467824274425243926132469278637122393554346358613262
394293662431256742516171378316696666125962822447739367621473827991536118811559622195777493585123328119284118744359498392673139626339232339415122761638185124117929495524364727357854833938975381385235519995177651382477277144821182396126881569887976653624311681389581527297788396566579427751249833361423857219689351347386994329912889526992431925476936726272522324421895589974429721711631296599934447849725786225517795116398815134872253262825855273468968264413884265281866355854367768738282474771788737211287494479896
933274847881625228284897332143228159742688282749649566213934283764865538111459531958752127586497246282385198767969182935943834926244381778553354584164968518117815193251796256681521282396562325533741512275463515211998644848869761349171151888857112187375973361459486935151927162594626133476137993429323551469183134352861448888246653355598157959895619164282824416222768919455183546945978248877354255211551717824919738449524684689236621314826394384795935896696514264851168761783655386492712476731427142264664662977233
916431136913928542486381426448682672977228424282634419377758223631864581515934593857522152284977389586642222127922129225615641693962137741827811252364424859166839197941668557622271332376165998331258378545194491985259112937239571636541131853334251447541443562324585335331555782343969726591257921429615561488428437811696566155893166244199999248394441138257688413422942219599351463671935716184178422792773987287366695772954825357667578178577387933498975224241899892822184722643725655362622754259444726422525676166593
642257445989242682252822412913223427816959228735315491428228144258678821666862956712647935842823325987628241938898532692235611766438148879936519196614282489745997624349635877854249332592763924337472357223651185216641532424527471238824797128142267128831992944384822981224665582226686298456275924424256426483711833398999994885887691637881594493115745325527225516666971217996369681451912499684174562562136358421193352989128215591798483543866344182519975485244674828242944326638136851268489123849462624236562373872466
679219564982587651549544721821353668552189915634276818874458582254131281864537724543735868585559354778192863135993252392235576433334864388249425382154228242145717476319491888557247858899765322323439855666456433444927432335268418285519778158772897881333632939938968382111458751125191435294217721297286827163281342891148513955585862825343426973948597654215841313666371163243788255469514183399934517912333785282551641872328893749755431772531476468998959825141476338582568362431456338591747227792728682982225586724276
197715395322188884842172266885141384519537455222216113783992599947937864594265537881892422686799152998182628987976552452254974146385468357673285836923582821433712844419495982586841912839212188329884994728526485692381148688262335845719498746412867492163993723558143717267178722145319365672584283292244297397225942269412246829982824228788322418618151427812282616363243659811179342624822736324969741284288341229889913972642124738998277779976528472198433248533987571975678639442618524875322443964322348946483644983459
263644536642565252174351469149751447799693942823325666571317282833787296336228216988138345446124184441758724155776646217913624943474785254743396461743349214192212193967185972321545974974272672659134676568928267929335692121194292479886894518824851478572966525652649944991594692255212516797675362311229858934263498167211584289424258464553631964454841717528452123922832391227486762652284698928866233889816322146452328787485351967492828322863211913874131821233164384577321663463951122871577681834364646128776114421153
267733269951545574149384236979659749612273787784122159977394679197554939943152666393142499373482411118685788824762776219619921916422717156656464177979449522695922182662382882251249585974573973613268889669251768495714214195592578139861643518824917763578622488155378474122664349882822476386749349967889424161963623377236827985858216843537881469963281754882814122286448542638259273428421382619196461418774543583168112778221287583552242838967725353717725223413743369155845436292712584288728454154488921746368691619271
117897496981443238527142843854493491366872988168134556586178322232628286826984395878182748623224848963672659371852534733757593166425558362962127265186342443933325383495386156281123858517493686524962215211832281862144258992763776167261633772356714564748688453144553263752185779652286876317361743311221144747969659639463891221214226631858544612152255853824526188251113284932219557411982689213641539751433186576162112825776464715528885853489636991791938423146764395295761415639136829225282524123855515155744751936644
218398741211598143542947224416447555358271638512969733233684491972621192763662741237782645678882825829325746948881739865326566464222823627884596768959269989971653349775389133778918857337131254264365866923256494675556229948712896561358864295433773551321424317444233294766938429637426719161366554541266511441353488436665668484296993541964473891645283373248129354317385254121246891182824479212271355996655186376944329474537887726922841596527645934861234385295365965652622726962966371594545288523581828226116438514172
217466691489993953397456292856975331123919166426197236739164195637843197196729456698478896289835221312415211915336333298659137193685352784349393226583379117214417469179118831748679869336994284319666228114312147422659822665822661277398512595433671298382577817525444485152393967965846288795217948277622218831939695242958288454728611728122451778483333441585242571211777437772553982113264229839424761724263153757828525711364779558254322626653924129567131725135823498755681511569493628548994545843852424248736651596655
341165668779653826311444987367126945244255343613354913941622857644197699974798352271512436583148924685639258236998625172983963669333362334389317562369415551221227747373385361717539859676661644319883585156125531493619248269928322824368218716482411893387616646929471665652643967268582894934857786221631648934967362222999548512835925429324156342783333422221287218366884214119831243893385527792764424482214888891225796712357598968677376649871971226885891448336432823745677119513745324114943828242152282885853482668415
976467644482368281839184454949428225639379352491699847749694847822824851532557693214387782953811415785965274556318698621838859371482299622141123528771968981366339616971954631743811888664364322159847853137421529471116582549623831614994241242189743563898496949919278121631154568819152894298356457911128679934871184155452886816743728338181114637493698282488454528837233358153138646741247653892267724224853456447141787329324547899654796977327688377432299596789228248353958445684684348324543572645154647268798734815278
913973342977792932387359775925122484287839875669842821483437921282485122469495237265822482216769626736818114866439768354893336525968227256998721771598481658533282341713966441146847828362836328117748754147954953877849124554833884612353749242423269196892764182589852521784326282715212396186221849151584778884597314544456956963173397566149974321663678224681782213558497513135158884758757826416891194118664169628312381875214442916793835483799879269261138438522522485434776551874149113327649676931591334291397563423885
274737648133857483846957351988222888214417582142485122472257442884933933111191885634828251437325717652445482517421948364474147688239828944997899884372168851292691997111582274182751575372876216315218414288226799833727424259861324644153129597572269496137744118191138427117346285165229298152483778636823985541566614851559223572461576167641121386396712846926811514412224884131236947394186947136867981828212133898612677285176351139925587988675322425231172148478915882783156342549771692384895295416732834815256441536222
427433626933176632261688553484425785258159528828821364656432931782421297893476119645561785861935232198833922158498465528589173444173638961844438132578781399786243488272551714639623577111842258827246875427935824734171694266836998996921223477399284793952648237967728717872653673473422834274593769979219141249477727469291458151669767196632117719516621569655688692726254192154447355526626699939639472334587113172434698714662628225241872128615947672111241194865545424158916648376887532826442746416711944574954985879822
426292333353912651411254996652559782824216655288155339552972946925852887398721359461799995894941127823432762488823426932499281528996421136569496188916821997439536449879566137639326349172815883751921673547116598677711799266136988413924414471699223362952644639968527448348451885271648234189137566492679172346217141233677999446971452695665748559563225585895684442753941678285392273472215366949449429517136156644266939727285136425692558612523311427513913481176657813974114653876439728246161729722651546388993974338396
468664428241268684695911261628499292849983312588299991339332819921112386628488811199128266452879795561575866352495361778242581148684281556969748676888258779979897964529663669955796136315525445721855328469297898438328563767493288446696284275111529161839814358631123468348121555971962499832826433143617338543516174868535881677512361358254846996291249995994591394948119632424625642914851336965735833178143662944233499349443218221344671682831833728842116779695426992515837552279174842223639178595884688362847773466439
331927232886781282927394167452579867745954114734114827588939759448472365113429589862254219424296848427646748464181491518668214747952224296337925257596988573461625113314799667759192132436227928792483715198679786173392596914444168826962353175348841141668347238171452291682185847942294896644462416698568747877874431266241554596318661399154459657185969755417934718692147734858574245626422588731165883257426674844184718148477892516681437436964718886425144777969578849696731584483651385121422863377411968215251447443761
397782396283771247285691791523666487443652324144846744436746784882714328616341638794111614116539555288162595463259398511458554441718129889533935885257798643877437656665316547183166887766329986299546262537438727949424378395174172469635124115378272111638331539243461333958883362941794596321171467782262788787611817395689641553436452459569668654246917126929638998947211962212146729989284923793242696884458847237563216515326564825731695328245712865227492396617125835458525465115681811982299144421157488528456133268885
696213251849983282699221483581755499236228328916326774167753444972169377376482752735553344634471531285172779281728762678656657177122522877663628249366822979145966287144833142237826357143743426936545217282497684448624315599873774463776974349585512713453961533249661663652743392477464191395755991862164235775915274326881444875749488471161811652879474723155338913151541569252226758339695818769822774279965721213866668445599665775975911642589683853849992118513757746854511653468158997195881179399676763124858762388415
826866683176137492269929527683915242396293565873884631961688346676414577359454684436929548292886678244965658282153879573711631136124887672888622413397651185479666461631155796569799388387146336386915488125634823489624614869264586893448664677815565463774734633297974331697769722479299291595943618364894588775531277359496174852423487544421427157111414426988825643129523475854649298789636228696241582294687377683499663875821494344944129322168943327266891165176685123443571625631612514358541659834658948922824841853647
586529773868385928328268597614448264381269642337775841346437611133619715526317363235949574281729585734222452824695812246629939836756427878815669256633139794723269429545248658869792613689699341889727913412216241589269677275674236793188142379518755924771413563366324364162336113975173284524386992319239566968334294381984124867947197172792758449661613376678536428819253874549969513688516852464485525174321816964212223548786923424647399879913941798366645551237844858674124428241761524714732448587853664611911845198589
475234984157246426213612689657732427654892963791825215651578564483866773376622733625672214326883246872672674222356628667145677343653282589915234885996111616181494812296537555892218546229469941635696231552212981649963157175247765793913942399218985189311426564666684597162733119552116484778641988695855684828336594877918855463699599469462488448449667716317734327482345552669272916342648764564855948426671111511875146572485937267548319985817149144758288881694172427873724955997638383156836228282694875518759377598949
464431185553789467131151189155828453187861589747896971574315327129173148388629685728179878159172858518774758513423383287323418385923624849221914241229414742615946555111543366177942248517497965619586582977262756629346156488814813333917935273211951176664829234925197223458767152521818897128713957845588682285867344884684144232768512212212585966977968896679728759834163365649547294798428716135163811221836612134298429919921537365292871348463728289582284495155768227287367982228262815366292422425433671659683343786142
464623395484282299973663729939682454181887566321826237978243929715752461882146351283239897462221374282318316696851549537571945758117682522847366854642278843431642741265235626167646453579656933932293393281738418489998932417331853868131965169386737443994832266875491625937165741888675871192844674152925336322877819847911219874694854854851185843374442332228466243756256917622224843445338496767792893252578385352288282612882473782174418796431377966847412588778529418994361264142859827465539215857749182935578753962933
262793599488424868894586872939514251955886977534966234981178639575166983385364986353161797836272846369125729446319119659494283621154522124977619485952866444436691215921896588936753339576226493689978336938267522254535338847231885265415938766699931541617552242272731945937962717588654817767361445745276999617579814656936925122282282282285252477155833346637524578628278846694812219453121259634314426258529882965859928973984774592782516635164292558822998449449795852292839896589933725679319626879346888652544645675823
352323332425882519221884575697538887958479615619961881239148918549355823668392816213635953365179282461787375129279611447566726515577562417624341248631488766887133863162356577922576643318826639667289166422927529838234962554251665195143347746299955517463257242874127965748911544569557299949474644557746653917951722193828248688269163544522185199988933342982358224399692515141811412686118754793943256414611119332542999339931661738924823516475362242122632765354281367984993861854342668254699223843113114525439783917955
658866678554522124234332882719354533682711822665559791873172946972477983761862654479644958934317722195312893362747151651312613115726817853692699228881745147323324228777965911977641514677671793826862392824768649898737762838311635791946596445235187613466519446515985394925776263865937569627438258154311544287777444711677844188985128788358866488263993544677261636668245976211881889376712842261124119858378244843561552928233695532982426135965267495528824751468454688847343557291715894824447951164424497281199793691592
789531364442842822579562484779284433229772997566319738531939284682729772561281142915683382464444881525622439395674726659465421353326528584965314155587722356388654555855317768831743378882211185292236894299845189415837818968113639437685996442575817113673283727518982371682356563498636965928277657323639176556288712837784484496611447179955869642215842823799313254242581965593468521274143668446635665969145419437785245611217837941529653569392293399842469892665642833619845299543128784269134233454214867529699381979142
284621338386918797818811224846225588559528236245616883839589432288839197521255978558884861634276125879563487392421248643796967751146366141542667544576172459357684555467224145112528441667886116812874615374918755498856816158753259787682316855992831413883558161545995695189333526119962985914284329622719225766433188266393644366685388311511644399371352323667532862322116636476266146267748281392354732489953134625663111634585283635586479792327764833919828976435926425262775591829817674858498289731815448242523516234341
228671798514485572755895244145588279538857451126177573627352195139835852382858662711437397661356848446836933192281824653514751496671942827525696845943112999986224368471837411478444993314886188835424736247234889798772997719229836854142836224597267331586829497462611895823995847612568938652366477293565688928399247312674568677881399935399228222821582977683649164961684557933256256481825195552732414249525183846919725371616131264435326666684524986746465353599775868175711267314595394445838666913532291588641934536823
549162215721724634762958111419629453258184249486377877657647548459999953442794489617426664413399728229228999329828299158397437392914447233128429429971824318356365458175234424168574615771783173271718644647462579857178237313653432852442136224529828128649566418762941792886152847818512466486684898147868633399959153312936862579822383927394142474285422868331894942535334691568195246412221318586842319858881448934188512851756377948536785392382399194935921788585193234531818888923266636252848573261518811354852343883196
795195548236828384265274517515347628226335196948978485581838568228444965768792863582327247699221612115931548912243828897794149156995421189312321299713441919213622452749231936881513746661723551355183514952472812836742297453983682365446159556759512281977561888756936424419467321822112539246372235858975151969633453385954879535515786887248582958465887333226484735172733782656569218741924614851421423854282165184282998968328269334327853782125392892874439296241713316217298694467454861254862358122484591112482264491797
799843831711772768742832884352149187778973357427991212697282262227343732298778932847726828339878145866275842472483852778974527257465152873652633827126441173417244388493442641766639516814477484935998245516561466239452175431639932582349194883155517826515596328656949223984665891826998516225858773817249981844339683545954411292516689713318162219121222458931796662715563823856896546364436752262846171522224846221745521697662512672494362219912355471892248462824455445368114589954724965844522486584884968128252494461499
617266919173689999149758431611472363898346391795524211274327446841977659188912595132461428177862336728273945512857522851197198885231169978182248244384465433497529348569168631336779172217416492437892633645915259511858185432994863285617737286148476823255936393359676323984598834126636214186414768137544965844951228278299841267711686756314934222421441293877282899466565492469459871865429378653842559122158232895182614626924842111939644858956382371395232273211234334645876858891943632458323878248524925122215597612226
288942827965825999153222263574558869132499447939245175395156773115979569957379537811598413355562721644356216852515525742553282565864218971747488117766394561972529343991569337824888476815276715871745433444868252276836189115938578248949738735998716538685288843933476373771537249154397242526177693356984261423221837228538832279714417786337436553635986595115841111232856748231258638839719569963992899124337845168428274648634367697215543544244398645284651878668191528282462838122525338297445377825455941648882597984654
288777559176392248655119833111755524159993971866443545756953831726943382253142868247698855615543836851594851422122847313631625185191133273828411648944361241177111579443752932885863886577572575515691676614684143243427395742938558232259964832839342518898353943521817345364965236884677222866323984167486261621221234297198432449728414189996345821524454851745842994815154533297814311617277789741834959376935497936242587399728266275679236958824369862377984444992746829634348954425526337999871731253786245388777298337587
541179392639488825223552275183321724782993487431176847951143963629556641873743343877652882796898355376394637282421536616277548219987148349245496648371734255497334977493742912662133134338973422255556624189522576357487925377832754892217234892248377548569229683581814285937175896661687421494284675783966534494862393797114692279652131154669871984943446136421228892319321566639266285968683713243478291991752422186584846488218913527581639344855426983255562884942936664824634738217732538291669276495275845519578315781767
649264355582148821965852414443719858441378317322145492355725634329537377274774545352754642111243472827315828584828576637198584278759946715633394984278444352278634911322648743684139495758326444223358434999928812314497928617565833462219838866818317872139224989527612557843483959959985345246323471896146764477182353796779626571382399457292241211717727316187241227436529258248626568223234179553486817814822365212122187739777362168795254843826151576175381278159244516258458381779373921414646145654551766446637687784437
377886628325977422297113769642215842823237477412331232877394728866532897218623997745453622111532585458836496842596722171544569318182958284734311441211844712619855611382791344489784798753963538168552351264728423614555114348252246127649941263719379565639551881416176889344953595153395368861498836969851766374725953612713189471342399814581584367342911289118463877634939717298375279833917854948926931851539441415668143961692844681797157811286295657266686175246655921212293978423378381445335586858593338439173543738784
634922224421982657346351193282485122425834325595551866927997431542884649938327563624263588422985642824636678528822786697467181731577713488877264223934838586633675578358711918189521116717986948694418215954352293162455314841124273128628841533791274295634451688216176313977473592339329764256153847719496143964711223142112789444179331811893588993814975516593396472832815928997996587455659943161535516314315682235268616886529781972479976246764718662224222163576352787691377698898666691849253928767611368364771866885461
432558928628644962648148482212824857545728544786482264273792977455884148512452571579312329976186184222774969422728799395987554145651315527239344133614268439929645878762896625799526495927984748331583351952191863496429316147457957755625874958991861527272454558854675931363755844644325652397912896173531239953584298131143435164156518555556252971961281129697554738952813639916592698528255159537282377916553941715237444392846812215468587239695319417249618773184757889715451761435448354842458227287881567254596941745666
435512642963936438197892853393812215378181238712854766851381133227128397356348644862358192193815578519291159535782782444176494873279729953126818367848895849926328762338496823236856432653916125743135167658896231466165439122794927614242968813168668539885887245452537535592552987145315688399172716716524833359786538456649415197997972158363985512391662247959996462116839931354563148999522236748674652937251553555636431263835435749783569946687829755733645653194132578264654594163943259521693961581342336225577321714519
566714744999289763756628235889343338126618525188178248119137913995514656969335275289274636287536351275993885591222958737133322892928674189483646139272886863433533621388493622776213347978633414791144461343454867751265696455969824313992592819717323433229247581768194435592365351975318952764716174899721516739193632159154515614596312688557263322199576672657995138766982658352273838285881836616398139455746272225924339871292148994333513935941537793146954651378599632849468141214341644733574239546275336527657741323936
445292746336481579758696423648486488169536681162341563422985432761549732516428311874158573477443951891848766396732824241165431562588243285682519674428755962473533921297587388727978292135968595666158862641299967163518399225984412133334556496174673382354518281761141441479341742962814792439185748646517186128779965769153249678539462343193188976351928321923756269421111845418449639322487929617332445558557224145112528441667886116882394852226934966775477361888521993885417443442552413887572315667183129734183842569269
441112758224329915845478224273417837691469851245216757351428213279481235473649469217511171331989186635324254758218241237884446628842586366515728727877683982977195897897487284754379792736636897747116834883661972869274913894424495334697159619215176373284141531113772378812278854861534766913313933323141182357772968399353977648768416646343378351182642698754918978268381312321865254348281834278211733159346666152212298934719444217899361674472662877752285566211147322839852444714174619394891248218356351395335181775634
947488995146316195695912519815889968899586422278425888659717442251174167287726164826616254565544429326434815743956585837723259827722164772262163483346855332544663749875451284834393656556656834948739247777411615118574636891229995693316429649851368243553981359835472272212648284484596961341947814334299844599485244163141499714361168565818659688933985962355899196852314443351246446885242116888278463116569959419119125415953157819939767719448625151174496627771146655532821128851947366331614851663514411127636216198414
946438998429999312184974862433776344145878282421811238639824853419736481895736114246498442814986663287449683572641327938632195973598885383226485663886952637636179776163234274814526627736981321376939277556437159155526934791579791483643711357251358433435381189868459283533387912727199685771637378485428248512248882599945522241374371563432161567256521242413715999743824292535289978181238754146213337412692643143317289735186194295225525666645592288638464221232474798553734396781344444238675334848116468654118693948614
312569721289653111636728821384698555876293328698179418495282216296585894996836448229192111872179432656263452345797953627915335636249551759423781362876314948964977943293731191514889844398978269599238773939382761669829882776329724694353819841955856728275288121847681752519123564624713938919284923883866228248512248882599944994673524739647167945684524122182454941329977885699288651162512161834176321722371312769443532735718296923327782644846394857278651391688374118449984596681961277194321843161459726594777672432611
452362273687153932269492129225213558778151251643392115145824233364841424955381175186215588272584383132692367843673832157359397467288174199214579684389759595819434811572764637941522395574821243369126964231544439955136171377156122694627819871937771885273285145563351754349386561264736147896916354331124558966422158428241571953552313158952634128152158745528158992419139519492824358333266728864176611137851482135622552479315368269499922868647194887982359727651324142768982555559967415191149948899642188284388748726651
565214788372176198966976414922729522311213898173636434864696888392722286463539799551433932284246224896628242175718648944512582653798264611233824588658118378418698233462393678936251335489588385126874326318712582571641877436539699464623844797167494443211281648266336756695922114263434681851536788647727528338341211169539564681993583115678853282782987165847756298378758892744826758168587344724177146666258691199829856828414968284961149926349874261685393421175321733763848942519962453195745835567552123769985732922159
569634126748146178542527356497913514443318626628393881353915932712165546156613828616947648958828635238472822248648968747872485476423963644964222132928434455114619144884717367786216486344713728758552498293573476699995844162231483972439139769233194191921455339773632262598329458298228682626533389174428724749799492788556996349491858431819179224851636693333382572312793175155516389767569311758527488916253964129777586828487222286933394326596371268615613331575191549173395412811972653887756812391233571653842865591499
483463126866534467593432461491651846653312447953174179328822229517728211376174994817131165286779675176349241899461819784217926577936266917698514696513587198812354362789446678649471216113722881128515138847243881778155463711955317646377666766562988691686585588547795431148516717788573274985413589713237746757743481149774759496838612826617256848512248882599948339852631649562224395853299828968292748636769611572773559753177127625874366623197337842454647797271816279812333763115975931284997686171824842896312233185466
263979754481854877799553659132882823142831847747538222169712753432994369113127141782757545539366377968296685578837934289721589978163229642215886991287877325335868617738757938957843834882991473533634529849827542965485988782728488263845691352795988287764826488247191734171846369553275755335958941132439624636315836355619716273128628848461236357282433995175524733484834954633323887188619415467962149634692712871711858982676194685585561896171714157422699494223515578817398884878878662251261217979282179856358242654334
536629683346325924353652832796641221339942284918329142588445384767612693569918848726393392473411475723963377561127484282772555366586642913282455529594434928267887229118247558989198661186233697473785565377539616513282883997136228577335931581233353268731378443849962177919949968633496135269672234453646677771275532662294479752968382225368668647732874957921854868258232867915799778665655352851518475684625719294364816322342122431473364596281571157955149154749862112831428784479886362939847551759629221762724992765827
571314282638835188945987528437651986787162824385841368241854777929255889122313323357948923457977485158625582925622966977929817676222637667138299321123389969961326513652167767298845788125187397178952828471796444662924899999983445999745694524535663168461468392981138878853752791177917484191585222426826747611147773645416916673699624144815919395254522429527649832782915328911244626755696733144223945671928669186366673465718136971411952688727213584734771498777423117594754425118986784839863729698966152192182233388337
785612599951564295388643251494395418842987165597581485133647555562164966113874721429785689212734414224255688548922379928297871851522224989142178821225168775542158341593953871454287777688674314145955584723589537197848533988661166666623347384578659381375767232984197815212155571856422892967251711188476791429263819253484641364355448585398459874488125583528691776782387931567541682492428513619729914546889688782445814768512191322558288295181163863136557495815752616269755363948788462266538516716231829587426813728739
155248584279748965144318518981879199953852828293282824859242534766466993199868861882752284643565338212876466632232349548971292439347418988724747482557189118822237912469239391351121172123481932751326855455526298819715122488825999455223899662274656628995476295366368264976587415157684472347653942829145216249114434982459556435251156421194625399977224885251448919365225542534397389528221546326919915696523324118122572798242288389286446295611535233533337955385212976763228196683154832494286997743733469885377721862539
344288122838196566989774222466799468448784852462481282972553867129126966213778114362884152827576265458824852988116458215125458516378416337893144159481479124251987748524116628455163722886174811487426448657733629818366892227415448223776881229287936668856776525825228333396853325225116421331245842215872958898133865436927345845123982671278429957668128282317942781345236163184537937942485999759919338647223924622221642274798249344893599748913511933852933619383223679527828111442957114634567896939426748695149889621346
119928427689866262651252884168762474467142284538764586138578515629184829243132544977899247341761457584235249154832258229968731746375488196341167189516637582484926971871665567762792255978912894692214366443852468157574261884779393331662226999998394412995361718554332961119961633818961218989157587782428231349442218372376655844275797666695189882438535873255747398748648333967263845694717975479912168448826635683485447724466899341745578117663751128556527316623286673224131561922647159644268727123347687189229128834944
114155568336838229391135453945346537677482152346855246182217792617111572963792288445842215842823921848816591473238228414128912943314364379818961749543363557791728983428491927484239844224635122666174136456643717748136196711482225388747128377844844966114471799558696422158428271429245659181863444299117122611685718129463294521266196918287284229554173319938661722792667821933852567614428366196622132952818399663417748427487541563383968741683255129876667996933973736854784931185611359517219241998229139245573964917282
214984191132321693668136782828958592852992674291196283427553396927337211869771125659331152269348477552461187596958673424978549236353369353943482649457463194548913276133995173737282485128248282958199411422324794917383466226639447118778398337143742998776829228778584221584282872151699422248333176313646677612271174477227476651827798856781528829453239977358272613571122476212227574896483637746994552651492349429555522517647741755566674268726296599585638285634983491982785353965811121441982535712827611253315473837588
321437743583221316694667529895465662825115715667771378555156621922392137896281229688888282445147716156334758583322849432615726979853454348249431317678196377376416742667888332883991639288999393477333363111721374995564147853918849994114739933323357736694726696343642215842829434845865478514524133622642462311852447457666398365274254326242845123655743381794198466491444652852555899354812123945768258453967444422258781295647173744413669435787663187557911523662985214951895545422358464413657426566585954243814492788851
623422697162742443958584165983964974272865154729558111639754691338138424744281269449442485545916877321243344142555863999345564211559697347946873261663278657993241488571227159951151736967395635337829998297435836728995882577114224665859669779667334222554999528884221584282721633411754884887158999398878128822911173981266987953118328276652462869876444995864428229182829262426982237831322789341655231663694448952285747565995299475336552198587665483271331893115722617341185242449694434979339812115728446539968539437181
332811748669282236384142379498652278514476765331198472527833961598522725985338339689445848959699937343157652228541963246983297318436376769914476246998789315835521718897357517485353469144414337322669652317176525643166123414228248512248882599945522243376697796695856642241431817396624134156622999432598534274395449798833287998889455226679992631515953317364556178774914228259424485871138491264331891677511375535449591944325133571888633644325394779924694734175966611823159855363334865779966449792668516679865893378171
257812933341522766372228281159667496229514734431964357597733246596821935395165839386411485996396368136858184882577321542826167538342877415562484314236783884642146492724481693375363357311554536342258344378526949941424696857793411473993332335773669472669634364221584282493482354534811568252529793262677198931275646435536965861959924853832767693597115599817128585823363422665886895214778957762567862317541982836574633754689123592556611443397981298954736732471699539255713322669114825737837449192641822175338322714646
851343826622848834378229575181299116442529589448344345967491326528579986955362297137432254956619727832478958282343955134173695235268842951928266184564742286922123865524371216643812657396781936955784448673219685189922875743996864739933323357736694726696343642215842823527412275821912527288366788252771495941178646763946631148199282215296214233266675876537294128248344711821797547149457514538834859377512624569473976724315933333359687443187428533337883848934439759652496425334113485863211679548933424612228191664258
697588468847545562399345848435523737822553542822146549263134925642429421177448951664114698269142276322115366199357844472824714534268445926932448479564189288582533414573846183148847987918115666749472346953826782878649467388722341728248512248587782292867789924734173131587917415599773154768273988756721671395146826335128121327415224288137784112891118449876462824564891296421165225553658613735819733378142174699199746814195775274341722328789497873762583258935263489861497416338413458466385213935981282318597743393488
872455899262842444352773225761841563881547588251894932273755388143424267176736859476412797863912324664156313241425122292788581723253615178315893475765224727524822714238566788588551944378535833796212655222283331731114669635846949827667334222554999528884221584282462667866614256254699215747823698863985782397413557368119776151495888259711287886654131497672477276381632428297157738614414252633512865215942281636228343783468773866995113946485787352469741282765293176865917788358284463467482374532188884228126713355382
872384398444815343822448484316674233825871242482618188558752448446597528628246862117582963133632625619582273391792692928722147487693849429969356314397217591997154197522136622515557665384232136996361458317426662731248284285141728737985669472669634364221584282953514847315176514326276711178744679283785722394923887168377976522644482262757172338297584554263694846966437184442395479853222876769542587885925556186863315189424466961228936643358186327119571778955996439475614558373271463598466891238225432819117316264877
243398581549282343538249981258535884248193785842184569127366447133437385628549672811141253131633854644282737543518526986842549361595239522622129229653571296328765944578498297849457455599536414695775228755842332815256753226954578292793157861785842215842822884287238227151967391196911588244782913125755974249927597662855894871141731311424335471595246352976984173229442444296336631426966255629864567285365673993771978739544194566785222142558129291522512241653638769491615518284477125438135389963868734418278835423467
729717242414474771598715289592919362593136942825918428777166733532465118362174678743175834234846862328248519792542169277584585588655738189325288277341476471884966548879974591539739345566179144692858282224589833772479584516843172932775874964918989626971957774528192148738192263132934873488352592529253126389997838368534937559471527155513547847569832524946561924487818535644795146412824651157432465582264491993136119577846427544436929682543879794552655818147337739432255299994667463476763542626649288852414887133791
789162822153697482515728426872599362995679122842488444477672156261328744377831389785438237584821586964221584268874656442447772752298664795381236761423436588462677734626396693586666373724377944258834184777155875348753676395837469947119538818563555581922712256941441644846558322361734879462112869896158753386987288692566464343124863689793632342743597299462742469789792146481486963377786767959162478995841494249111191814249966235528899982273771499972415228824654476748785493592662569293438395144684124713411297642487
994958248581729395491324698511198992448138114187288869559352782781828642554771839425264332563812165969711755825571448537491121262195437895941437661286837911729528967293899563589361352788971947695832547477218593378916578874492624686388949653799154143922229895669433368853614569124484166271725569667168854518385256399224168436578529931826328426188334127455689284244236673973924422193248322296154788951694231232899227871366969617144936292645786423231771867851382474641788493448532137793127219473343973859946191117997
965654712989698285527399297965693915566759499296845548524655229853228112586841868329292669191112752663936443666197351376199896564253981842514711367626544459883187242945924448886219515721521954616428885473222559182362542214548992912585114425231496628354794337217472681679886741824444153361425685351112863796372356363934959318363864439494332311868541989431751719453552798754417154849375674756188251354291334595391856536939934648224581926669886367869497866453953698614722983545869177738854118924829245555919987458169
696912282926892943955162352935388974954727627788475928324317389841574181793371317621468647726686128611511388358761291479871245432883612843295684699132842283246874822114289911422169373116988157986232453944422293169993914469784636583124541289563276942343234996813332838174296197866974753364744631321814266736292747373534322183775892237791984732792374365177973232523212875325843813257762381475872267494537639725236281596363963171556774926846326934793864233923673318457118983523536477262876359281522553998733874612947
498593278135874896126962335896348985188137442598421537754879688347954485144773951551942324229348588427258267935599633374391269225718718441314195245692188885118862248591711951584166359149955123924233246225644551563354688566949971535387934438351114667389729361196921693926283671119711164118889461628874639368338417573635988159353498593587214484177526856366663399148822225544884388897664758168899494753757399629882911844966342799636452738648945424339263744981423346624119998888963229362348783722595963415162269318751
193449275537287299348193422456767315715844253225282968663839196245987588124893985337344622649318331492242287884662611568355286547142139816691112413691171351658981186615788462585342299392415186992159855998385549841554453252947458646341333574844125865641192729536375173369193674459697739912889233568156596622675118859338798885454764341837886374782182414492935233194169288647125522667583511621398733882154377683663315725734312795544132886985815832933826414748422661322426138488617277395947414548295996638412417854357
198767171992221444586283578433619748177251725661211956573453556525988564782479269983924515619414239368282998376623451459638428971693949688143425314377567462882752829938928583767552698993946951542484281765182619951971152824437765627311188295519233613859729227962818886331296716859997796992389216238429566622255151558344488228722291411534276615152528222367477337499934766995136567367669777784678418168147671413554919725733258257764422583752314831853239837358735751132683938454636477518953154578894732426341226516163
154635474446855488649398958233935129549489775485241826314157113332985292929963139686114852612373649342752297376684797262589955141568867822772814936181763726784855155183538764527952652931394919548112846615288278528821796848899631271312351955869939474793498859513667742147559969246465461332525419762163652992926191845999262247752488565844417925684843999941477911217582211111297197662737742244342362121944124372911883767233324533663388991484386191514298316954848126654622637585933988742118611164578597772644887251696
374191625956815497329846825434196877657612289488485218832114547164326788622263134974472489269483631724918441184122116965542127875418848226541642915821796288521893354313469249532223962751191589216936221117822215848843649965451364457291513854551479614184771923191523316556812241212225411794255284885173717447996231229619211885868882827768526615233344429911712266328239978272556637878234915989179168528546253378528251618331682557554553751425736393516115619831843935624532641248771399779913351738383853462621294385267
371777781865122667493375383728673514936375955865692136986994854175542172966229753945528223448975752328327737199989265682223498514972548276118687622479628424129281485687243853382233565659349454114413825963954288422122122142284277734149966522744537784812244366567685872469852485858289828888151768275529994449913389699844482221568886314466585966977966733422255499952888422158428261872482686338926721745565256155928294312659299287119715754615164695936585679397459112881552347218744936843368762879994878316852247829172
183228258213134113752512927642466917774971188165522584222994411625795875944674533275222226197932765515527944826957624183857353552288258586397844428229815682422452413655793165756967892958939738152214615599198524282584584584158215811171555127182163737356613119412248512282428282458425529468129279393351183927775211799915491324828398783286563449517862496294988677821325733954671833363952652332993891716955326875557261938239312596277836219978439292822883885525771117338581666851974197843431977564527825224489828535552
554281824776957448742511986322893971471278445734974242214484719924792779695748238411258763327992759372848365877645676957196531974828424597456672118652571343665873756257882181344669812858639448325247752741199122469962822822824282428219119956427766826931272824852824589586222112823886747163378711939788922111399133827364125784468485129186128991594819896168829451821563568913392455513912987148296535647758678814277167222433371387397483559359379941122485873918788958321862222424696468225937788437974477281949334425253
828625842874847712871819459431547811261829522881312128176134929953439929439218784128385437625699956611485262187822273247766747534875124449634574982154242453192988444988771359855678811656994345221912884961484552224337669779669585664224113998218513336365278834733969922565581176314492291794417871848825582825444364252631991644219192698416874916535527748914238249295739429115114924679925532179793569257146344277692491282171544322311785159369712315582282448367252915386399599285681535814978766533677859925948828538887
581548512178513971147598881569662536643263966867958182586989885379233754234142837585763363294112216348457225434589117851416815382229954799133218881964652276141667259595922324874677548373588922239919144675251395558586226448663417994141361442584995448992141223961417111582171666449585661969454766528282424244249958483772726268883981634572991533425354598176763465367517557687356955489825851353797539836696884673277821113981954733362987123763448645828468839471317276821684424825751236214763746523728561148546371345381
443213827563156957465798325997191255378468665566944166249795532279214722234215863534464466949664839845851883591752584812593131469474435234737427376364654857747386365282267759869365547293215385489269821524252824851224854584882554445999287335333366364442691829448694114778111851556887665193683276482425858212863612777781697947828843467712226992555446888482878889377463421291143368439844549382599492836493916673118428289321915757561949141489248971415192175439571237894392484585374279241669528952863493334429957565987
447646116351633854692384672688644912976858863513914195928841466764437118138362876278883329178539868141952156435224428284358659288544798235639739284733168925587271792287752376684866449892833388522562263618739282485122488825999455222433766977966958566422411363866917988999993399388893293557264573524821212529586942484543561797117633355322392233464665324986586413815382181273142898637189639918559195923467312383833772286392114789122274197219945972226633597363645817178429975369379379666675882217963584139648624464465
533721464674494697189797442265592833518555149918711382692635255122531237551534656475343622565892912137375513532128248512874815372265287121371961919693515915745123489824858146135642717766244363585526642263254141622314839466463136711482225388747128377844844966114471799558696422158428276799549563848524255227444585577551161269382179512299332288395211446655111144966333824488585859646989645448279448963381672998221525937892964763949268998772932998866244693417899484841681686763479795733873467382499719738837333237728
487962161759668468712857325696985132634259729344148611355241751195472639875187657789674275779444679418333515282412334411676349659462422635283876929163278719883777486258483561715328642626666949228833182367867349282485122485877822928677899247341733893877811744936622755125733811471511875464818145415148726667587819781454167829656125395119936678386531535761184489124635795424441422246889491836915748964322456397482522729699394861578363479712875711285591551461845198531684971276216453744376764825846979612726312646722
426954595395368228987969418472455593826632779549356644641985681196417399474994632748274479154399318214193325142239733585855892669946247153425514621851765655595455127812277923249325232925777974251962121219758545139933999998897196683631142246658596697796673342225549995288842215842824945174764575222265794829561861741258935251458649924858844713388256322885877962844633399558522285776325255797352755727386458634334555129958568874882421766152712114484133517564699186822892291577281823531929953791224395628966257918586
348582115839433513943822641142343933219832277143352392522632382643647281282989248348811419864148778817741561752435582838836374344696757572821438859827274435749737348117899743189339874882812674528856124863914767271299844599485244163141499714366844622685855593158411982136422158428295685525974111264994132255559114424996335482249168184536196288614599355947874311593528344755244991163114291284992945779873195443311265597448858784717672896287798127675496487211158428272378416545251333131432625551378921861248674919286
899836385112362845974915472754162398782453995731875563841569241663891689323644876687848356767433992854471713992468922599584323111321533933398542381169826821683246822375965469534946529832738489733926424239449145619828248512248587165547129636671788244473348581157768526615233344429517659179276815999685638777457371978724978892263157499941147399333233577366947266963436422158428247541282954841866779644744298443147768369847264636645838475264688215199579832428248512246673585545238684433294223576372418956429147563653
232685291889132822958441622977131584283789391171272622299842751318812684326874451348284344164492697711412792211697949333491144418632368243266832418179182792975613241576843896343398812965897389752859321469294616923516822274922639188499941147399333233577366947266963436422158428262143129389677278617842636721427125969266828248685773525813467429946148355331265682163544615842826195648533988834233739794452265373541776369549467949717433965731851574678499337458422158428291829924868224224591231845198867329221449457654
536293825117382222171366383584143598428275631188553358775428572519115217523939624449724419793392392524465448892471583996713116672488937744233317974478138744758616145233284966669279499596115354796849363821554395813496334587222852524771558333339663691559695668112472964221584282533363317374196294912855533698642172596785222496169437437748949955983283442186263898288121389744832787242331274567231493719742245643333536359553811441373359619136285757787627758999196636122236982989238825324694968624873623919825994436394
918686248212656984163644941693936299714369269776644984776482872837117617513359924886824654151598354282265587812442135311173532267883497264563794361718239222296443442375661512638315356813415177178389516582592652113629732824851224854584882554445999287335333366364442691829448695749953776458736262775897766498176871663931516748538529497271298126157595989815231598816535253952363567923523165134632761979347125618669335388759857771719418793437945781877555733453118899833229674529464844317293839533832689746248927412593
912659584214469955533566428476899641413668492519641155149699249721758358369779818836258128255881722771538517851142438519932637298239356725643276253832983957336228686762787385699324766956236995152488414154869735859764574428248512246996971175533661193978892211139913346396964521377956745928827198155254178491858113222118855164782125175293527675927314466767133514412371294429228731322489522688292762149382429638885645988721458788751631956114243724826913164429536219834454834529863444346265874959258522399711517468986
946975382656475528248519826312282292458144467139244449346852186181393925134876599821112815528477729893651142466881147852991922656625917423643131398689547128279966211267595241468414732546293788128187465284515629385323437753282485122463128911485139555858622644866341799414182566391657648563211692354358738521469789391664352315789512181216459779139162931638153436569368192631817793882712536828531775178225333842966945311481488684369399453176213228568356389283741658833561434585563835846796744922811738298413387671466
992287597829272992344651432214433635753342522132744222928557413637711285127735579822442814845117561838368482292855448565376971451763474266745441216211589992977165167637623822286962262845663125847994395221122683515756722359192824851224692742118665969551963669333338551778742689297433326599992466344428968415358883718189285273718211396763271475553143193955284934689357376647923431372292465829169973176458911545938543143786797137311931812193829918584121946554854988719361453482161223219261735628566375166644537724368
331731567758755456966951975556611662713358846832291262324792222377214259557732782246469719148691782753215118845282263886622122927812822171823455244516727926689544967714318799558486682843561951655293333482984612582637259413596443668446226858555931584119821364221584282537229776122928317874212119954464648788363826711458525912254167911143629624854664458853317239928137795139294121578248127246363385149728915348917582719746332186181412788433781316181314678874799119378674923888292726525563356824192675856577692393693
554651574899883934659897936343522635823214299586181899696637257939276199126625222169797159614288244259662455249895699624151218897892748511863558484863134587985574117842216342828529967447496918616584377828221917376366462549461623128248512248587782292867789924734173323994982613437626657244857829337745358412877647622873687766562484266187273221557372481622311216828417548267278439972825898853335895172192828863773388742283415663386591948162757813532854759373493622368187783582292235125699922982267652847613217886473
718754536185968383458322121482938263229242825455543663129851127992599795437158229769161444373222584223263424489867699689425541991728784271697928259177924233916887147546787891721943134644456488587891377542223228994451978864792319615966733422255499952888422158428224345665382612691895952332433858468794768621749463672285996653833652828732774825861618741765499231622373112827278139785221748657366492275562714897847621232253169291931545817715834111897666885187955355328186813449499815787899266224234938562496142137149
716334821738615598733121799421252226786669282489931134726328648865319744244193869755786148196612193667583434449188399628798113956456852883518982549987254149993142496373879137426121713256186973791922119485146742951873297222588656412656582824851224699697117553334423264931878794549251352328251151456598613224853652154456667396556212182583445248712978335761442611478724928254268655868425245946816495285598471321474384292245963819918697287678594152322761744766369944426135196522826778661584427656343232914576912639944
454728525834319854121783428223581996454362488369215514111665288567713697141536598935959219496432419361763171851438293449528542932497789985582984873657658529935537537576981687472184512369822319944437163584882554449987921244964872782699739445364221584282897326344399117164456193869464665626771621879698852288558578681669963347741512584791814936655272879932823617512412848285723476838845417179879355812928761194477614966955429674156585339578871139923762679543287763465255166822589898431466834329933932717772958882791
271478442418843175938251882592699963363397842691148415718425282225122866753333254435953229148464169699874161751339298173921142183245815582129476891697624223861286388546182531795832138823498253872752775262282485235176363971764129934863828935585783267995429974651743889586655962537399511658777156952797285724165384591367782422342584825573728784854584221584282598416111586365764491874554984472475822874224569131228215565887442757182888147263421533283539723214958217175521123418826875428661876328368657581317971123897
271162588251854898889654882828385184424414512695512219321191754155566574369599922777611636182322232159874752726633694952262967788129436935544283985353282593953896428229549171744338528933996563966599375847221531545289577921612843251813334111591373649379636578222983663483694728256145368326188359579365488982218782617138624222899739882468843362365853914338185884389363177965356999818115157152615249967245898591674227862841546799718999167926227493111911983334954289134265846257787975125667138645954863228254731213678
123585544463165872246152214249375565164352122833952398281561571858555118813666399572235113511786554724254955224226583498473969724758956532886488855556888591693416968553457171522272548465557779351396679464682163154364444141721372676286314136846616978357453741389498239523465492828661897663679141868542897224275527462189698525586355925995516377697759694511184242452242274451413613795651522962692729346452152186771824947221676489935597231321222119757211325133827226311476344284284598722752212993741748542485713299812
397571415817913915217956158278824444964359184233672961131684271635367191641183628872798556478731588885412914422234563531559687732542928435149586777929242432785514282823855422711264244827937436282897262447818577978614128248517775823748921121922351728553584421789256275271296264241655489387131543816179678438585452816443117129435933859917743129234667556587155679212978554611446322518588873296563829548481641187214656735827634973687892482372158283174933461716757966778812354152851814414784939438454324182248549877912
368598978473725999858638231629214398891416966835966914161699193949685162834698385845512338144897844225419827396263355244541526447513593436111352437879489985625572224237521796925568825582546718528272883488582621491613243376697718915349398462553613744939246954397147442464463112286942666877914176548686674368451534681317369829952293576994842437337358469841828796184398982347398879374558575329316814365165643647749635435219463329663222822452552483767968965399949686237786555784239414969134831958986682251888631988963
745449824245542969422781593976514782942999569566484366747661377348858522386965391822245817999314222247489243398328699614569286964719556198174582538872859881423372158392862759294795129454545754452412628838463748779271299428282596637228393768691415158444955817137522696628256186154154636456494636479496945222334786938684218848822472138295818497284856854714129377971925522713548846912261441836961884317965246422133345915756213315822992711884828151527646655943445113146226163762899557369679263715193324255262798871253
175614973897626969382729754374835467154481472781331315122777311918639515183465777889648947613373112333851583487555327684386486436568868388873287277322545925778277265581834729899762724584874228884854915253832913144525249822428756839455223627833751857418824696798684315288563716593279398554282485137355272682455821392929266998415285312816625363191459624768634348761628299482711358258487477794331852718538314422446543735489898978577189728283462122215515822128181363432197411876251887978277113969243358448986376181981
441493634988398984927666864854274248343998469421385888126727179347583733481499394196997171666647556763471633399597219431254251488314643757717642321892152399892573565254679816296126958848816283252214176168484433155235555815886961528984289767928746514754258462241323628423266384579676454375118588835672325982695995649675389699228545555671865248421322227916957369551614235338876221824258595992624838838533642392128297765449863973839529328633294488489721462749573885926975841662184151139234246779533545494425221295892
971718169318284335284572288958116226866849546922183685113328793965431757692561727665313894691224889962219454454175632515459211429424554965179232473218288239229992434172529854456397665425299919854444845218694282142553892892599115542982429269228532782277312216345644427154628811736695896658426543385527643524895414212421244779214227565394949215284489373125522383682314222693917442432869333445676672859873412975442417423426479798611872342432898424833827177912263891512395124144621571393882298991378859197861942441512
129468872165263365627494312218362472228273963982436629552938739269597731896821356688514264537292247766378847128963641399359717434262685881651249461172248929682177224468457582829597458225447554639565155889955196351179174936168544611982834651754483424476681572289736139497768338654776396412281567721634362882629221687252639863352818356377317593158642548528963885842316658428291722344399698418375744589973991973677216652984488679281824471157215718537768762178829184538977647727269587377687649249282499571669319739214
125944326232991932348512245682681269282426952461463664887332263886584835276382329286264964534798828237526789185128637784319742341645672233163592118351428982344377137834947642585723247214442696377225458747612248599855974255349131662521571557944235499898719528424737341547159491258239114212487461446194181437458351433912319745984258258556927528248314424246912735824539612248587556238771951618455731236979395363936542952922789627855214567194611977771768262582865484947972944264446487982696911235429828734694313975173
137229641618251912448581157221931842489338417372289364247163443837627635422928688678834892454582932415989542375842929326394699356432441494623942539366824523922179292951494821188141651155991732652674737759914822135287423719146249327242657616785458698976367581891531283554264741142583378756851737245684648277292957238324166766932821512131431948235165682869735783296596452685599775173914838558112827867466168753277422491412859326367254868364862957684834434243235282993979654224126626285554472779899885515315463426493
561376132892482312235558824663696662157373849338822366124493338768526665325932185318531855651577964283222622439514676397661737238464132685675884849868512145463561665425869985285197386588986973866495268439587242874989151771396587372635228325866687992888622734271275587225249156831195232841182968816447632488295654589998271311188894967437578269656464471447137995691799988928246417298736764659679723568598834151887855252871889144449826211313832458893194768826696512241921823437181332887328141826355272484282955457331
835728378213642844234684258362964759696976923942776861783185699248526793322232745572527252611178633862413647496922247822812722884461578228816988526798852188924348628268632828246831945842938799772859949196662966214899437392631251561662413864117625631211343138568799134543899686692589693962528624221679315859282432487842482997263811226367328225776447199282199378971313342642223639242828134839436785392246832331228838585395289444731734357473332682297143395852297882821457316661334732528346177477645333511527937896281
373353138728248823777172214217174288235287873838731845626797399581919841254891466929843719485261766853889147173561172187339241999981278425126727882332781352912337842824211824426363145428976634218877583883347725879568756116656545454176856466649116633557117969964221584282398139932781283818363644614284731282778893557682255835934293744293384725951323889433493463868346333485134743915295451923151255371546698528224588934718549147713646365648254962924744821713271424296768261521454139628711156887644516492841624141451
116373372585575823841643252278675226676894212327251629582592355656741571588287394959876739981581349733762987168268547328858591972699885288873671654731145612421851198214997522824224144282442241575471237374181447294811564428557484794784628248512248882599945522243376697796695856749495585249736629854874752248697645582851784825752548441266269626149896129334356493414398545258968545728492275228926252214841632274299729531744273362146434864495567844439858516563185258746334488694583194335771624599333353492469936241125
472273569255773947242974571412868691596185637932244238443232311693771877235221914984583869927722647975245195257218725294832547443425951223313974378342128928139914518236298337214282827822188784765526921681373876388847946614233521338222538874712837784484496611447179955869642215842824129536234466115981316283157872679228717815398343265866366239423456346726461532193234987224696589324888734721156291724834969975822418568732222839261384754466488528282261174563726816273947634797576937859128596223528235898282632978973
647114777189697366149836187926277433399241443761681993417264341652291784131929226313848817254392827766757639516898895792236648462511584231677722844987584722479292842824224354858717821285465737514263828791624826362783824439269945872228525247715583333396636915596956681124729642215842822326579554897126342891936999945282397399113576972429321776982566473992644942233934127182648265637212699934146911138934944229314728517818381593754986741893684442425749577524179226573975789585429524989488161298585317269324929673433
963393347593259266526444714926866426112822239479452367662433284555834727531699951339941277821382582142369738865317794592532559751363423424357539425635722244227433524222133537744663699553388584478264241675892724231267188893447791121758221111129321157499686682227492263918849994114739933323396269746331146287933852548237322356699355238274314458959187593832638781526346484527943515663356653515344874397432774474266821277512689255366685674493382585865535236844123429333687781159172541948186892457356923525857793265839
964298951546514959883818995835955267281266962848299416647416824455867528221166991637341413851877842588247497323968683451633837761419698889838889663679318588513531298517675644368142313747426413385158263824647634667989546628248512248587782292867789924734173387196683631142246658596697796673577126787923461442984862167277556678218243134739925829776329463545951388876312525894212233478698645247584889724427552842979197595642282798533972555883132121142767164829956636326812912727922341737187752938539226132535621382745
335858669757977987686422692215521387845222821794993728895744474933733458722469411177511925177699166199863715469685964482653577376555424769579292848346542658286599478974893339921981592292142366241646112864954322821647252752899382688444766463166825611688469993211996696166836363855739793733423669876236368495211154759352116268192226649333357745532613997778937118233972555462784942566874867837841793728157592852639435121425923541896156299616937422882248542184456349526489776819366193661678767581192692133915917382225
282598957169677557376214432374625859674125428897839422691123921111122857121197741499993323629992573978255333344617355246359876996658956566818274453533149337125546386485442263441111154578111259275813372375661583291268885969551963669333338551774252582876855968827887551458993131881453335836122554724419781357733313767634325778223628758839287545278566157515865411871487123264424988749676858276373394126557892379157445188948994219173594187948391854686974465769423489541424882777856716964174969114888461697159214987353
882116722529532199317138454717142457629922164186452263918849994114739933323357736694726696343642215842916643394996822844576636273277436897598823686684893968625632481483243492824798721146751851112968919398583289356771866485122463128911485139555858622684428697247937711428163477927489625297743949966924743447866944728234243625889862759791781445179484156322427877381127442831564761417131735428519622613284619319789752946484979964696954687848934593778591542773696173259472589696352649784141424281522668247571155582815
621349148229134166659824761828588266226727123128691394471187783983371437429987768292287785842215842821724361669584848245911412165148725997669275184326614845196293664791639751914299583921259182647137971174737272455421128299485244163141499714366844621982468897586998225752675771273427148533696299952634836294443412292825291565624572792261247412655251118884682777781361458272693448942891592222521652633257617349586937232496418113475745856288938556498339633551515196221516135563319427584146239483914968127742826479955
751919742517229369726323786396366795146997233417868628248512248587782292867789924734173389387781174245379695215455546623259373836543284566669655937963832652282826927544958513563239851384282719684399628219292326642743533782999544455288485458422158423518817498128281251129671196876312178343829889528883643752568171164248235921244478655162888425621468347542315379693162559133644182415254515226588326431489486464352464681135712256921414491251619171233316822124482271994183956423373761278871976525538272677922879766287
784859174826487318281681658565282825337429937121188251282485122485871655471296366717882444733485836721974282248968291996691458629492949437489223626449268694172243172875945676719184772139555859793389228474477417269663333533782999544455288485458422184971682211422431677989681493983742985591827596619642224199686747862284255426918948178134295784893273544428279788582452823511542891728458586859665376491464723879138524632931441625869863391358876528964673718177557812171411915282976661117558448215865193572822273479426
115358696429962556751225612473448466883354323417691659551335337829995444552884854584221584282536972835776588228658828653776364585531677434239947741592416422836229799768449641474659716551825156813426415912759312143199311122988793911663355711796996528595468271859737634384515491688142948898787291259488122143863154665152821171574945394138548271852379191132151573925854958722415173324696731423675423117534185417821534263135373812349561476655979538951759735117397897737957262824643992817375397548541795429241487435696
233652824814819496229427593559465764863727689783738437436268585559315841198213642215842827423389957787462128152414213286512179136485188942269158417139475447361117276585284183766274993884248234666114294652266432523396455576882746344292693354528524889551425147782374331316546425621985649625184874639932518245474683119695519522847476884352149147236987626139619526692334467547954958592825145784174981645238841823335595684643915922774445886999486928482871953699781929931574166348626998872773567356222453881785856576199
232664237495574513352328286894247625225199744841186159744436236628248512248587782292844216127135121644613649584228638389229254575642282952433282419293882617221994548924494926944162173412824279983152522646227484824669489577226758942822643377539562422614278514782414981556453255941855243882788514611635852524427867642282481275297497316952463751334467513486517726153625444538392731363572566438844367195255224282888651615855286912527947829286717759242577189991245855381668471585353898237734965896222558388735519228394
983788849541593757517214212313924782574514478677672127623554417271111532977121897575347183121996321373371863748118481542287454352728245952113422628995126776953865297861696921599742586419236654213714271128555526415522243376697796695856642241136382272921824264936622755125733811471511447193355184655872481954688466724582872472241478159971695676572314128651456227254173848387983415367664134718556617767448288423355523886583824852683117365584158297864884514747948731282488695951626931331753562214414586196329326519457
355363819275678821316693692174556178584221584282928144994236343277467316821138939375348744416357459425949853455172492828487128615599239888399851311661623951915753419481326247355983416198219631691652846545429317254463333446226717888333398886525261819323172839667289932889143477111777391113587382525968241354654487161884291222663823336131951526671338525283688544282388434929924769335633229627281912769744225847466271964723342216446113154724756251292221114111425414453752868912956361364955552156858682443897175365482
626756648169153618926444288717663692174556178584294469926618675268185183153185659841798628397363252852289838561641653898258596843438554169512366251815312677976333351954116221219177688554264631757884316529415678889224967993159852894667969964221565244914946575357628248282282587949853381638233637798822826928848711876138629992128226839337917722654824643298983496343984531795557829847124774742891673729472821545871889939742677893565213524755546389862955833933442218833839892922184367788611456186385189374154817459394
767889268999769718733848566463136711482225388782283773164816248547194765269285616668396353386384228248511175559769398332215227581925867495842333915233655226136198482355441583252846687142845262218319556599312288249513823196127543113355742282285398227898341797679951635124828887486657695531672582314699236777448744936554582963731892398649618997691182988273584928286558246247163563214499139775551113727518222148635677972218665598854867644473829266551271233615199883596459729324523199388923449171448749968492932417984
541324974282418822742473882514685974466488782425131996289923654548826231428682655885368465256164246312891578263864513228248889721895883256824132782834245125128968242158917796484256178662265896786938856917446337429896855212532577577937247914828114639314551517269155569724548424564654975195542657228524638871192886233595611544367512579729868299686286974891936312424246918393665668851351839455328143721344442821628969316551637538414526664775821236586822575699195976871424129346526193316155587547922446747779154918458
215732116422156362638193424822965917119444731748299239771223553378532873635639495983245728745577228583141786361411369722671213883897378156296556768782898426578942369185921611485132735492668319538984397668343387185469927266194353546674786797514172287241645449812551491468125227927685123752965373378631659617425119869417154571241465244833818651126969741681828684822128959513662338471645693849512158261366985851222343313812537495847859767342351738947876615656575673921483788689922539348777252318984399814988888714827
178982549757884489215779794486656926235266499358294278625841559535228246924311294255923514478185152869587518346129279868975639578849968918127452959897298246139877128148722628255611158664113642891672431737339114122269589538542463483239493818722198342113388765566259361365421299452616672695496799156131952688321953666234522825231721755965833237566217171256645947512433663943372699798769968943586392538376978773313619521318339292649669761789672733827378388257671627129359288182674285472534895279425366111122769315731
799383319159844223672638873155212724567114579512428222882481567952588255236741439884984734289142384555547164114472479239199357534422573496124285674576492883953752345526138484275551978158298999641131481464998189958821262924596775491993593351168682417448183862767525871876545128245824313327649759888648172274731916622617294248462583729183396553748218265586649644155272342363683285199568612355582333995679316172379657158398615523179615147788348466298981988947333981729957585187984258464739169357797544822584887762635
796418366133926252547936615778258936187734956585449479228253169627842228169673738844971783542818984453364337511217513274162655443916726733669518234912852887396472754912495364813854969512822113624235779412588856948275517933258422158423917753562381753682714471799576854123888689668912561182322262294187711524631464781827315841198328784844191781327573132695125673381932851595484835979313195485872617322682955765419511178222718823224115713382355793294131425968516884356883887624554658486754495623297392418246291162164
286876359731185764238161644399833326212147228835596941922784171544544142448883336884531411684949139694725664362829985414887656862783213727828865722358686288161832137752361336647685147834222387543222166152589618948948863728387165547182713769356592524978477155835855261868454726161648562425331851413735211558177691522985577282487797284346912969387577391565858851143379738493464822455383426395557327689242947681417547874782978626232482919373565931473737452461471294452583147452643962986436449826197899295869878762724
113878936266123631192363258174284821717335424944977248528737651793358588391243885452635961957719169551773699568248545349316156862452542398658113133874388875444953668976611167594133363298514611469532829982399554244621148325633566428888491823279493198489236194835481462448882715138282842877331171913915571998472381548721163228754333842829995747852384644162392452659895854443455267874981288198185929283642921656498266379458613974715787679325865981174392999521964882527698556491633387641599646972278113333282374798183
778726865746652442187776339749356457913246532772975982737654414921994735861831782568213388331751473731393995792965591899133943555923596844836151876565119383791128717264641896163741262455585873934257771893699254852622971491557853746721455119365494157272517434838271822894878893636152528539929112179877893834453732482291589576537764994226572278586346854968276657256422425547253812879353832689965382233348596326292777923411713541614827548985852124224665859669779667334222554991834484955539772783344469463418145339458
441661797176578167898569994144777452113693228571772518225239887555325158848169175888773345298575255729915229644631889277267744851323714435597897142917124688366711784164817893622585257552824279155824471884951569752358961398547128876486962274933392388135243494436277827553272987132925125163624721159883869292789432154898648233298158128518513794246846663422514539573978228558616252513884629347516711139173676919823114826939979457873521546922194784647192873492956569791399478639141417997342877794571112335826999237678
362552592428323149824146574198831732471448364996844351463656512139336784775278262451216641999293222559992784148342685173891341785824317745871285549986631555744849497169366216423821548643828851665114371385845282321745229139936422213784689234368299265292546224439181155731582998855717729267322291743797799328145172718866591692275855566114476415211494294324963912315159414292951484863855456349963645542257641196732395752761954354955456984928198669945471923499474397897428777777378723188787726987717678918657348673179
363775773979671919982228517664482882863664114994135489744188637895576777174488265252166395797738994854176497785642914295628764941242897982118411582953993473489655943417282744529985166957775573771417315238218588385749673671961998878242552434699248925558869241196574472398524144568123743294986239676169291565848493625846378851266982436282486485199439817273725812876193858899181174551354236583411449899326425729972971845665477965622537677998288185288745177785239817899323358825711835435321753543999692354398817593941
344647668288713455655996222388436377425514299693561259212589268556337519628556343218144825852647259331243237341224647874438663941985192119529972228228928559421619399238994769674643829887762814815433318258861371588357712515657994374822977672946526784332211214364892842125427214432423561441186177919751663563148762921456878745466649192628625828236484189879491427577115935942811283184477161939238319346274486367715492571172983632572378149433411655679415625421693382225437191483556839943755983612155994114329663921371
931418472677693258152824851224699697117553366119361639587547556816555211973566341152849186356858147458541486648773851867387334314822822511686891242228484864825811193736278877586141958715353761568259848581582169344611736872239851184251918516416273849412144715162491372556493634852896835671865147981346143449124735942283733866778289337592127624796154599951262982246915378779413967299849447239212938475424931821259494335361151558348637455938271347744695158598235744778729369841731575287399747978968499397277756686575
931374528241191721479491972664657326854682255853163128272126636412717519463776336184226781286138494784215231586964221584282562621313248251281655285148936582742449231563522754674386613387945326824224962524582166382141899212746483742481785494757897599787919718132254329182424941631888518324897418417791224731932649162248794538652517989316584582811394963174142698757952439388415665325872524146482193346772662243713183981167227884143992553573924715889623646795369265365125467677322767554512569964296495844169769618741
489788471296523254479892266773419842897632441753749766335819762498311277916214554432256693323617263444873263562229634416691494647616415619777177681966926288768246112331428249689356223563182829372411961245525152358977181963729449648247588322488268211688699644761887553638581475957985824469494941967233156739532375694129752655114826753447395469842222839818186654664612548726982469312296968428227969616151417112523674479369539872852522882828724715828484542683645524827843937694656221268186797117214841134922634796321
286755524855771269781852859776745994538242686443517212724499331632372215559543411584282598654698219748348271962285164782229212585444222767484742413188922772396179491539971744659352222956225178888757751945464624342674153618359114396142532316465835337325691136395277611122967972334275681369999942536582483589246672626586964552871427411742681332746318257586724711795656686411475289899249479699683794134173147182294282939367931149853452599642828427484691138564344114498912141512458425831276282825552481366313877998355
853696282218978277848374869767947138333639797382625353787455882994496996349663459968241327621828765897778841967248755125146753546212582222767296956856217452858784273488996824423319278274422726722452352335794324658282647868652636136117282623958884441334144139618382888744974114388394691692333528424148269335797393473824991546587858873514961312141128495663445331597162527891472315327894411282487633367178645273578543362296594273651312461822571564252381595824619464894942611828695882436265924851382427646847329995561
858591724295652922165751376992113467154924398178872215254624424678296824283586723754733969714659964966114471728826369248112499774321482193565683985825837226259982133514564258979673984984431621448113958989715534688323717424314226463759882196354364213733647844454151353968977266369752999263825557272382693393764596941452373296886782283134819119747832954389563149268811118248865117748571247422224321876482281296697683497361592829824876597251127232812124855628679132554213971291432716519216218918341824248988765826271
869925858141948587266296826644188333432977298758214252827925228985294282267351936527294638354832485192158428295526969566882618458171251471563239126237328949174795126188582215713676643451762194853823832483663446346759439148515976644967175331912939582146336842152763598685283482149192197551595841547424493983155556322295644891426166985569769319586615675681927252897942736991822532389478834851375188463481258753692613456547498649219718619488498758813346675229916658594466617142823228575614533757825725578915414555572
535871111561137987224128627397177987174986822784258822358358415381222425128576862363679547858723594752774898534217526351818199774797597395384128283244743731245528176726883579216943387111955166517962289936665251121595153874631391414511569561958394692433969842798243922641897671811137574647211644615858649971347511918845234115343551895475282455943445115535423695619427581919456565425146988198693198219447399898542514494423242683927192856427895898282485122463436966274966377592957383343477591944248758888869849454556
733817537951414574942532685512573381147151144719335518576391882692515848976516354714837379374152724646485852363551572172886724233958538679897788926259176564141942723982649495835126455997283989756986625599952888424917641425484547266964243369682348293536296482562391688922794815922119875467646344921952699543317943819239273142346475111826925889939518562826743856328937572285848262963496112319445828576964197792712922612333384353193762175762536956248474283914645232698256346866516245263561156499828339139134564649356
273624674557941877374854822274922639188499941147399321616473556422542811584745528728629778955627178458295569733287121646735225873966566433883985127483396379437432831953937764185953444477222557255116459944228424915466962253336453466236755665612593171646629316898671135482312826292297681989157912425522841162544983881965622593749212286978521969639739355997658323623384639824251853242346329254479819615167496117418644366469588613696325674613664341926927968463477544888722272289956776174297574272212887965466149514457
271242323562821633973461512246343696627496637753323328569532877324899947123587282489552853972484869355675131964448998525999171862151244818729242119837239186195749192397932797769626158834219535561343528156915282959141325249266162118971111822411761992444622316853656199824356374224943688416116298677295896231599789761189791323344428155326524617642749582228671579182773111924584964822673841483315549346148897534795976647743715922786912133662458386999761637696814911853717359186931949396914958749774718781948764437671
222257247367886549795344128648188412385752585697533669267972114311897922694852366717759157278282326121452329833728698732625787592586198331281823176118616635275887777158753813715656682179922815858399371152278422487393691224851224699627428518218729557263622177466811247296557487455785237841463132972888566941791151761919848199282491319175581462846165464142352887334171251199225917341927267339955912611748376383642526323955891123796938691443185437879881981662951659613453643719715349425644874465631955397496335537437
661111292885158696966795536638779549348154753516316814138164144191895538767232656248533913669779954833241567163782332178975175564249619718421299385277998141814416863892693734348684649581214772197654424222242281144899731282824851224692824584282741149684492819624446366333375653441762899265179864664676692728193627153331487623554796116881351284143133196588522215258483333379435969985667225377583437152173918942325593694495232543546128352776978271731813998295951265585822618564194227795587947126116352474818969599193
397795468142228455535271872199182934924511624199495194732888623493255732825568951825732874762826179542978857164124659437638679997826666965286318784141128248512246996974496751491123926434873783198357994226431125127546751526718776526851888227283332665581114115993447716224513643261866232777674898884951597128663687176764924693576556912546487343216386364748858898815318893694467543332335829592694926764995469577862169327891562565742842597833172843377183797254681975293646254221873731174252441647848467293421342176329
965526792728246999398777413686857686495976184521564841515261328772152249975272247221591428353356647819141534644544671328687425411743876921436386745669246927421186659695419749754226124995632458911253793968537868688161678894228255221868655961785417635365621638389146922122626244482512965769711995524159977496655288269968533164428875559589956296763913327837879486211714727285925271282487294552496926359552643987144942669499624937886243538569994144777452113693228571125848887946486652271524719331144629162721852876779
271815225712899759987684531888868759992398478629165835928457493932149881286911178429542395397159133147378521634573969822682628191687833682863448734521228443452847839615211775817222413851799824858734999885526664229129487365295255427528722341885187539625385918987126725584352177884854965151158711529689869418979324473265212819961496235692591187324711718695552661452474988878292431956491883112289556561682615572737626637883426647133121524146574198831732471448364996761824251527453516825833888782194378658296638951872
243877612854669153393833466248282282485123988861395712824858483469923176134446235818898417495755214852893392862833661773895246767136826422563994854849152433382527533698293888996974156149784222526532183635224972868975552325298355444923448345825689866226978718991329745248743215774424126557733212983392833319351828155328714435972859724336281399455915411397113968862242733511984239235567839458427921618962486493197322263596999933275724482228517664482882863664114994234258486189726756845214666967361272778424613332689
752182749341377116689139677939527887174884884738165473652826572688412425464473138928786831285498197546276599986337847945441988165441125244195569917521984264372251533368868291314284984219638512392919269536887778173331353677477592369822784725276217627858226259399645934828718499714334126668939572926738695866621184571279248766397749128857365348866391342498941525534942578117351796612841436455711426926248671296311619254552642566614688738843637742551429969356347781544212255586347275518228211495311868525129541494959
225324719552942319782936457679422335366254252657223141522441267456391316799776356361213859269495191247153963371593644839213529846833245288247713596416383235233982971467938464791254948551437668329311473726655262962769966753767275967518188185471517221862623593396368639228838786677333713928392774768416718792278389356132218499428881528811978233973172248692885558158996551744329273911165546412826386855214377224275656328692777696921494848282485122485458488255444599532521748531546657223228161429351886295596769271554
227826769228145423912949456273492335221524482571143315374227155165285276677144621693484257246166447746463372648715758421826422764534489158242617729795997992868326652433364211695843122953228715386427283994775264968239142111867116357112468583791712821892343692996865679959624663266369217455617858175461477133614744614678258273641128842222978952824368313541213642245836121415558489964596447913228839116851141289625984416953524669681724547769554988626652989948523123164788475827486376463798125241142494333312961773846
363391264819515988311363898846426954857515989591942779291396217896477346932525919145557515522126118612278368854991941925211437164767978628263699269365233118895475521477181453322433484912728273384479381281249418152885744777985433936677633411299755799211111582371299344596825865283778448449661144774261377569944392886755482359844496999579568321745553571144958428218785252885152222665772331121411882113421334384338341658414822864358924277432193221993493962932365634799573629683763886293861215459794469373882661155739
925833747569412132787449552258286477957244876849553399957729653293835448417515588385428712551624946169824378753497942748482561795177911529594366922674143638886987871973545651848234726452353492239996245388723798791225859113429116881189533765528636921745561785842215842824558669934558668962998115369445522826811889757449995486235794428542263196251612315553423757787785919996573717713475152515946925319287663782963329632195721127987551682419161648744852338912944516837566834844211664743591562921151434125711492143364
381118774173336335113813693981661855559568487179885813317572273635197644814272921183563359484622249345629863259363316769274639619248696536999977965436511895236861324896664148572969665454192588213127456354436229714111163543227415825546555598892485122485458488255444599928733533336636444269182944869411477812628291334582823195368981429393821743682272974642485346767629596433382449711424828974686417131969359364263381289325486686474622571881374194127276921662362315823232957189762149123466538296686598215243439629889
196512485351665712823685988729571922321171893686542772216582146841785698547339117423852928982932411321629262854613559962826324129191823236344669642258547135811214447384883266587282488698158477582825788861187793654626462531292842539519758215549941952722383877666971169422533239886961984992148828248132282975759296178124542618214172473815395527642482154788679296998891662524485732594221596743233571323692631161237526468424498277892858424975382124681717755765381313271652469415842828169379523991496384492328223778959
871228858124642883375627561476192642173885483368812749413785516749286128857835871392824851924488956638665884822265639466458528281288353938615573822577917554428966137422592349155329744642826926514732429378314577824653477262252543531914225822619725958689223319266643363878136531819971389656747812882398426154985235788767489412113177735126769347428852474524163514162297471846837972363825822787464671548769213348263577782892299836227581165324822922166691966338577528298256983887471286364349446341112263754287556291452
245254214151916311922893312796332213568227268411958846371373594287618182428651449639663691948994826819999851887111253372542279925255177999192223251751739988221289568315828622387844885482245793113349415414634934857338134768253571194394245549199195656695295624883638333826111259646914384683798597266215613164394124643944157131129724833499463518273571268157251848662945399399619321167248778814882751226783641767919242142466386287635175774882514674185955639333514252512917795285996936633914269744545375891893451364727
611642822597721174281322692399384258373954337999924214489695621528525615121287338382469865548993246919916982242214212658577825748428166422128724486131843242485376455288727752895938415881581969512989269836639799823199392793974259931387943343425692231395183724488838849259542359942835127722695791464274496166898452923569594771823322379132829585415664873466872986554665255135775798361437429924669231138471843376653794251253274644691147217836366436244433433458722284825354232241576475941911178444224775533232323869261
639545175445858715265758227859588824963694362829582212841599193655746895581818465325842165277576584229876362536233843756937535869686276743996754228148982688255526527124788123711884343682596285923989865683622859273639698843681559343779774956128464234789283598688276243565272437817555257451626748696712442528428672613617511532852215288384282595338717912822995222742824434725824114186282485888834681996561742898792763387634626518118723928377844844966114471799558696421316978822511479144466821148491424234287267291264
637529975739168711875423595682458825954278562942212951969969916533815364241756598821227159838813122743894939683233884631522922282617659239889474558258293228213212384974299426349148834492633683266914866699211989345597727674428425333776144821344197254473566599973587233292562418781224728591252955855663877282714418688514526512891814842352224859474682522875478317514775948657852136821722882313962683923987986639378324496923635895168656955116633557117969964221584282446462241242871886541486521348933877419385589716259
495333741312525944777434899311564282884978768285858497761242265811365424828632865713354296812467971993196313661161525365962847713155189729392727927462864221965595795622536687621778189472244456762991996582385121593585758983375482275299929856654837368813178399829887841495873512723149175594717922217693765429211917189313234998491254774987158988158329128278136419622657248258735164582327339254485849133659453633426131976282419835143987917246575615187689565489659786875225272569644449529148272848826864281887639928946
195764225117728247782824698891321861622448977288426434161822697323635444515242523768181277874447364392277123754448282482531824359196882962666476532574358414221985124194151159996577961149358793459431123126942263695224494524898685342866623999781753868356175412559181741796376754562279876114372326242195938846682279447942812175295821869521655721563833548225453871976724878884684285214318321917661199434681492443517658962482285588424628858868198832158566843791662823539428797498936277366377343229324175227156562783413
731831484391852581892258366773799357236146618977287761133251563931266369953826336743123563487114381742237892945233274278628161364572224428595287943523947446316621372746489247852164278178827166659164973191328249332466419694532135258539129549786766848392481722572123771443943119928384496573814511431596633525622981496364247969247629849144558675857298255148375288777862823522616218332893927678575129554429488242338575857451891458221315581474391398766939981947137851941269758537681125466678136776321925152824573845793
241288847148445129596213472127148566173552296924737161755488132454333329654665195613649481283682934666773152283622996187626675569588163622537227875998281538637279156364665968338432214916118865489427775643365243129115173683238886322622992549722433428492836528711129741943393243778446782792929331897823933129949931353232288519154623699679943898558797475966141249541273487892519855111114659288285187442761342426978781537966147282485429731846667433827353173956838943324479777491337518361718446435235473295668547536953
813346667953888423826246948967135885345939755648598128753855878744335788833821848217226136225275536916812866882448613118138655244344443314511311882164143974949939354743286549423328253995135269622723565867645756851112239392553498148559288219352314839466463136711482225388747128338961662943446466913546915596652514515143154226559872249879371566117317811193927152568748141418922428887943572233286873345242997852182979968817782756696381852699238211693389874252899174551578184442472283634319248878231936958421197885151
275745722977125543443736683828248631722957127581692823883612741599225667461243836947937171122275331224888211252332455865571695453883754158846143332726826417288979379236424443916682489587417422125799364724338845678434113799994967213984339846444139942824851224699697117511139324331921215674439228234977282231454549782356962824829649112686841546988924584417694725585228337262647287942755668634419674525935495312229998944895175536282498175584833339989556312518666251977811453916935691364685174714546983712284279472321
152979827945491145279774456397443892339361235193374773818974745972328211842435428429754232548341458637657122722695269649349125271474176289114929755658452822261443276664851314212966272739479698557949769288542784613658689658524338498944264459343911143346756495865455451972386226499767874213234711751291228314999482778478762749429937484895231213679297376538983155842222442524955197926276352433533521382897819832424454435711839512328626129529212298118661856814228696887128674567997814963948891428947591852427258477431
971895251749781745234935563161916118428281231477934757823271878774174127579146152769239512811134568586968462824851295622499425883616262128271632722424934982239113336692218661397328245757419564273173756622113934445998669414268664748252739139265669871993146293328416363473585461724239886893151942826198829221361542273612834146223912364287654853613298417161795134522191349797428298541761584436856571384224549244882869455299682655979711361119558464822477978226514682853242615937365431292244341282993398929696424115438
979485482421326651144358858195992866842425783636971855818369195511332644544233284266367434467462713998557599997164187743653965285141973419125327212882977949866869947511235127915171599111116582879123339432756915588212956222836931912177547226529432482746742892785192287995513239952784397184774662247238899371174228231273688896843173645798438752819127773513351455282525692234782467292262148391895124348578941494782824114884854298838163457949224667286736595949845724682586378854544952627345367424664419479844252756116
473369642751422888517531876886544778522821735219433312763614111649483246323615246343518916231859353862268822396311514685974415687467368764282547858594385698113536417493342266221336782471556944877222236364846925442479289711725612962619861874156397349621387343892448833749937751327458374262529991581453162333777877823489751173233836676233944128231182683828147778824898184174766875159882525381519419382169525429715992827781115813117785243282282939142699911372828467622129883485542427627318729852791711222144114322819
716312825225417824871952682598417475871597429595928936584179254155365233948274542826276952863339467873976463844174822965917615628322346119486357724897893819289822275843756259172389462873115428958168515158217788525835493281135183184441913629257828243869593112798162677582759129565622282295331491884713259141941528249513368937732911624974534142992468228835767354882578835915279165458146981381743286652414643558947894552224382447595935942815287269153423454851247146842714282699431177621455792512161166223327466984148
744482786428639782331916482435631818316554997638656984588518421867321768681648626291439469746996748632288411466368422448449647563952818928477843982769987796467666531575696531635367647755357486488768591757361234821625852213691534925163296755542242512141945584282241893629778274932948524261236767432114145427458842583631774517533554875326593785194192499444337467282336817768739285752971422983456238645853731857723479584282422216269837515228424185957995656635374761585444827591223944736453891657196951193769218978236
594836791611475929878626893763621477256222474581698492547285282349383522322766193967641995386427445412232189583112241891382566637971126166532823926199712422469821436196136571773839885896893633259596392454266871435786974574733171468226669989861584828464692448663459943726342465573924458545322755119618885448652522192945739844121754149654498921352435823278669113688586139829219636991953612865241444364432981666741572749175851679143557728424692166694284157535953154455378657474758181557693958588398218248772775264766
818996256553426973872185499888374522267822672869723973941721228956218889188194179191948825462329659988312964649472885772664465162949229638661925745592688351254221654382977176131287798673842363782894182175199837333142711282253224484248338674758696429292448659822867667426982232551698884158756463728184222244632453289982797986627953352633146624392941228841537488145269188877677393499753844852215891944117892974633369384133313892357113224858778229286774398624288342816359475881658335963674576311329393276227948499568
846298338133667122272221178481828842826634512962289747233948248699784571591415281451621496179572421346824735571962258781493913141781297753271931344467612219687463673119557375984282429973959264462257146554986388319987963723621679432825435922586282427365462253914293765237451347391326252224238325772642254684465912911596913249385212328299868996487254287247266729591289582588874488436554596925282428621246577858854169727612793222826728752824851224699689839456784844278455258885281832526285737728598947752831624453488
894157478911449336236628233151115983467156848542472931157885485126221887936967521935565711685382416952397347381345784362212457876289631415214236342744214413761512993193994531927421122774395669263211162529357759972762311487939237772288535674421617524789594251138548359552669626858955552142164912617688192873765263847372822158835448742996463693625788777932671282371543725142282137716257691991581225447946482414824965975114664635811694655866382544948295463964634188585448516685122543848912512235439953338295174194625
439856812158135618365851227264485755854975326591229658724271288224511141936333868685728246959971783424875596861473882881326966528488557225244436288122158212926478556832852511658295825216213295143132158496985361967784484496469657492984593747241734298284376685162175947729624382323897444588286869219282598297572855742911866619913815584668954375512335818178728848578552848222999737817298937728248512369613848222951141342826832632992871459717924856136548847242913442158231567968584999381584822484971881184282548835926
434567232224334389683425448593816952186636764681282475841973248599584198666572632637366947211691928221573157686736821235664249685248584452793497558275544785781524125444611972414866662278542391656192447845643968582824557467437266149482493815369622582888155858442589428844956242714924314599939137256424892543959617925922485622327725122794883122663944716553542812438352217411833752155568374228842826175282145549919221564282774266742827696224358483355782474822177162481865584744842868766112298858864594395288845194847
752889564282511255888285487674421398368393476898884247757718685459477862243387711945824432996433935825487377486395747498778728224825639237144841887962737866571582426275969951222295623683399779958111593182885262674226891469493354418895497429225623437867195699464353887447671944149533874282555986915125549354984347981248221484184749571116182822824851224117815252527659166462296641152873422247585229677282729428232866832224561281416251179335112242637649422248539727751453488472785287387828867573315495799282478774127
884748317826729157413884452835975118243549323396651253312819539684882449443322742925258366856631275248525452336228158233362758585221913534534166611621149559296615832844175919428443275861448919819571272567942192518519697119255261466725428286672326434866674743144281823765858657145553956866448323978651486696912724488472425157847479228265262791684282666196788484832128759432276434444178263442162923431331266479146754712158998754275482972287152882597322621186658891218284156698161298637758777859891965744422292768323
559356987764117134316258577181668442222188489725596145589539437587235544459997223513512696537127752884812749414592782233162623968426393456696276717375217698121278956889995779272194199451198795352641951749696294648748724425787885462428233857262467338697712296595474866284519289428566842722249712732622783794497675657199642744369134432113848617856342116536356197339557655987225316961974518667625988153718262933756371358911322389985842773922236244696539714822634292947648155272352474992323857127787735668851314765241
678487992823164492993856255767869685115331199341479738633688136787545939418733285288212414219643953282294248922696846528967396313174566447685225756639637182975598957442527862481498789156297246282999299914477521544938975186826684772861262882184854314994372686759471532145412995476749884315868252163889587329522869574778714271184687257353474199152115391361379415219156566398854556686964992122984861977951635663964853447737659159172823394697175686773579385145517388735815135679687823938118152572522887726966638287831
219848547838251545838585779579656484628765254296691845772816375255478769977757132596142866229834235884469567597238716398788511938371716148725977215722633576926855125821623181262277991497112613955495966987332747128989436489628389199448542221689662294859768434815722956794866752949216694289215473563971912383332949866327695834788945886111728743452997579718941237337738621611671287322122427382519995421854545768722371458432277786622414123584619532289546158872699938779458975793928443155749544957914613661396448862134
577458652397372666331517186549341182894945428655797923381162562777823839795136188295559869523222322329228996632756732259343687291181687821236795452441993259619282884465991198717312965574361388199499524637719449216657564697494133662792935321666936314728495661134479687287331547851217514237256662788435135376568133684219171152796233435527761866434466273135183184213511433739772794629944847532122664781179855888523271772422827557177251332437247248234518912355912794142612787536733194186611377851781194699291755512248
277784415216696925288816325574482825834433357199934413325595581135518218851188545867755586637758537444458216335521423977717157733323332289937731438893672264474144713364491412216697126695235274475532878869949638833624735585286675547158543358591714482218873317765226686972811165827111127771126621193676644764433381136913397167497788571136665856662263615858838848224465554494484734418881178297778552248861713328816619353322224134479987439933395231194463642285251435529313616619395846662264421146367184439923616682895
997712632662115285994966745995587748889331252778172554116713524997412589996962713223826281441888698775994287991933553115142175443252361222363394776741335115258393336525968227256999449474252884933933111147443443661338228777931776883174337888221118528669663883992117527888666284698557822998449771229991225743557638335336851638776889283221251148226339559228998715994338473667286144888824665335559962223884363774255142996935634778146179999584416223148394664631367114822253887471283778448449661144717995586964221584282